1211-231.01,Etne kommune. Enge skule,ha,Q8-29-1-6,Q8-29-1-7
1211-231.01,Etne kommune. Enge skule,Hb,Q8-29-1-7,Q8-29-1-7
1211-231.02,Etne kommune. Skånevik skule,Ha,Q8-29-1-7,Q8-29-1-7
1211-231.02,Etne kommune. Skånevik skule,Hb,Q8-29-1-7,Q8-29-1-8
1211-231.03,Etne kommune. Fjæra skule,Ha,Q8-29-1-8,Q8-29-1-8
1211-231.03,Etne kommune. Fjæra skule,Hb,Q8-29-1-5,Q8-29-1-5
1211-241.1,Etne kommune. Etne- Vindafjord og Ølen PPT,Fa,Q8-29-2-1,Q8-29-2-1
1211-241.2,Etne kommune. Etne og Ølen PPT,Fa,Q8-29-2-2,Q8-29-2-2
1211-241.2,Etne kommune. Etne og Ølen PPT,Fb,Q8-29-2-2,Q8-29-2-2
1211-242.01,Etne kommune. Enge barnehage,Fa,Q8-29-2-2,Q8-29-2-2
1211-242.01,Etne kommune. Enge barnehage,Fb,Q8-29-2-2,Q8-29-2-2
1211-242.01,Etne kommune. Enge barnehage,Fc,Q8-29-2-3,Q8-29-2-3
1211-242.02,Etne kommune. Skånevik barnehage,Fa,Q8-29-2-4,Q8-29-2-4
1211-242.02,Etne kommune. Skånevik barnehage,Fb,Q8-29-2-4,Q8-29-2-4
1211-242.02,Etne kommune. Skånevik barnehage,Fc,Q8-29-2-4,Q8-29-2-5
1211-242.03,Etne kommune. Rygg skule og barnehage,Fa,Q8-29-2-5,Q8-29-2-5
1211-242.03,Etne kommune. Rygg skule og barnehage,Ha,Q8-29-2-5,Q8-29-2-5
1211-315.1,Etne kommune. Barnevernet,Fa,Q8-29-2-7,Q8-29-2-7
1211-315.1,Etne kommune. Barnevernet,Fb,Q8-29-2-7,Q8-29-2-8
1211-315.1,Etne kommune. Barnevernet,Fc,Q8-29-2-8,Q8-29-2-8
1216-201,Sveio kommune. Skolekontoret,Ha,Q7-9-1-1,Q7-9-1-1
1216-201,Sveio kommune. Skolekontoret,Hb,Q7-9-1-1,Q7-9-1-1
1216-201,Sveio kommune. Skolekontoret,Hc,Q7-9-1-2,Q7-9-1-2
1216-231.01,Sveio kommune. Førde skule,Ha,Q7-9-1-2,Q7-9-1-2
1216-231.01,Sveio kommune. Førde skule,Hb,Q7-9-1-2,Q7-9-1-2
1216-231.01,Sveio kommune. Førde skule,Hc,Q7-9-1-2,Q7-9-1-2
1216-231.01,Sveio kommune. Førde skule eskenr. 1-2,Hd,Q7-9-1-2,Q7-9-1-3
1216-231.01,Sveio kommune. Førde skule eskenr. 3,Hd,Q7-9-1-6,Q7-9-1-6
1216-231.01,Sveio kommune. Førde skule,He,Q7-9-1-6,Q7-9-1-7
1216-231.01,Sveio kommune. Førde skule,Hf,IKKJE FUNNET,
1216-231.02,Sveio kommune. Sveio skule,Ha,Q7-9-1-7,Q7-9-1-8
1216-231.02,Sveio kommune. Sveio skule,Hb,Q7-9-1-8,Q7-9-1-8
1216-231.02,Sveio kommune. Sveio skule,Hc,Q7-9-1-8,Q7-9-2-1
1216-231.02,Sveio kommune. Sveio skule,Hd,Q7-9-2-1,Q7-9-2-1
1216-315.1,Sveio kommune. Barnevernet,Fa,Q7-9-1-4,Q7-9-1-4
1216-315.1,Sveio kommune. Barnevernet,Fb,Q7-9-1-3,Q7-9-1-3
1216-315.1,Sveio kommune. Barnevernet,Fc,Q7-9-1-3,Q7-9-1-4
1216-315.1,Sveio kommune. Barnevernet,Fd,Q7-9-1-3,Q7-9-1-3
1219-201,Bømlo kommune. Skulekontoret,Ha,Q7-49-5-6,Q7-49-6-1
1219-201,Bømlo kommune. Skulekontoret,Hb,Q7-49-6-1,Q7-49-6-1
1219-231.01,Bømlo kommune. Bremnes ungdomsskule,Ha,Q7-49-6-3,Q7-49-6-5
1219-231.01,Bømlo kommune. Bremnes ungdomsskule,Hb,Q7-49-6-5,Q7-50-1-1
1219-231.01,Bømlo kommune. Bremnes ungdomsskule,Hc,Q7-50-1-1,Q7-50-1-1
1219-231.01,Bømlo kommune. Bremnes ungdomsskule,Hd,Q7-49-2-4,Q7-49-4-1
1219-231.02,Bømlo kommune. Espevær skule,Ha,Q7-50-1-2,Q7-50-1-2
1219-231.05,Bømlo kommune. Hillestveit skule,Ha,Q7-50-1-2,Q7-50-1-2
1219-231.05,Bømlo kommune. Hillestveit skule,Hb,Q7-50-1-2,Q7-50-1-2
1219-231.05,Bømlo kommune. Hillestveit skule,Hc,Q7-50-1-2,Q7-50-1-3
1219-231.05,Bømlo kommune. Hillestveit skule,Hd,Q7-50-1-3,Q7-50-1-3
1219-231.05,Bømlo kommune. Hillestveit skule,He,Q7-49-4-1,Q7-49-4-1
1219-231.05,Bømlo kommune. Hillestveit skule,Hf,Q7-49-4-1,Q7-49-4-3
1219-231.05,Bømlo kommune. Hillestveit skule,Hg,Q7-49-4-3,Q7-49-4-4
1219-231.09,Bømlo kommune. Skimmeland barne- og ungdomsskule / Moster skule,Ha,Q7-49-4-4,Q7-49-4-4
1219-231.09,Bømlo kommune. Skimmeland barne- og ungdomsskule / Moster skule,Hb,Q7-49-4-4,Q7-49-4-5
1219-231.09,Bømlo kommune. Skimmeland barne- og ungdomsskule / Moster skule,Hc,Q7-49-4-5,Q7-49-4-6
1219-231.09,Bømlo kommune. Skimmeland barne- og ungdomsskule / Moster skule,Hd,Q7-49-4-6,Q7-49-5-1
1219-231.09,Bømlo kommune. Skimmeland barne- og ungdomsskule / Moster skule eskenr. 22,He,Q7-48-3-3,Q7-48-3-3
1219-231.09,Bømlo kommune. Skimmeland barne- og ungdomsskule / Moster skule eskenr. 1-21,He,Q7-52-1-4,Q7-52-1-6
1219-231.09,Bømlo kommune. Skimmeland barne- og ungdomsskule / Moster skule,Hf,IKKJE FUNNET,
1219-231.09,Bømlo kommune. Skimmeland barne- og ungdomsskule / Moster skule,Hg,Q7-48-3-3,Q7-48-4-1
1219-231.09,Bømlo kommune. Skimmeland barne- og ungdomsskule / Moster skule,Hh,Q7-48-4-1,Q7-48-4-2
1219-231.09,Bømlo kommune. Skimmeland barne- og ungdomsskule / Moster skule,Haa,Q7-49-4-4,Q7-49-4-4
1219-231.10,Bømlo kommune. Rolfsnes skule,Ha,IKKJE FUNNET,
1219-231.11,Bømlo kommune. Rubbestadneset ungdomsskule,Ha,Q7-49-5-1,Q7-49-5-1
1219-231.11,Bømlo kommune. Rubbestadneset ungdomsskule,Hba,Q7-50-1-3,Q7-50-1-4
1219-231.11,Bømlo kommune. Rubbestadneset ungdomsskule,Hc,Q7-50-1-4,Q7-50-1-5
1219-231.11,Bømlo kommune. Rubbestadneset ungdomsskule,Hd,Q7-50-1-6,Q7-50-2-3
1219-231.14,Bømlo kommune. Våge skule,Ha,Q7-49-5-1,Q7-49-5-1
1219-231.14,Bømlo kommune. Våge skule,Hb,IKKJE FUNNET,
1219-231.14,Bømlo kommune. Våge skule,Hc,IKKJE FUNNET,
1219-231.15,Bømlo kommune. Foldrøy skule,Ha,IKKJE FUNNET,
1219-231.19,Bømlo kommune. Svortland skule,Ha,Q7-49-5-1,Q7-49-5-2
1219-241,Bømlo kommune. Bømlo PPT,Fa,Q7-49-5-2,Q7-49-5-3
1219-241,Bømlo kommune. Bømlo PPT,Fb,Q7-49-5-3,Q7-49-5-3
1219-241,Bømlo kommune. Bømlo PPT eskenr. 1-28,Fc,Q7-49-5-4,Q7-49-5-6
1219-241,Bømlo kommune. Bømlo PPT eskenr. 29-35,Fc,Q7-49-6-1,Q7-49-6-2
1219-241,Bømlo kommune. Bømlo PPT,Fd,Q7-50-1-5,Q7-50-1-6
1219-241,Bømlo kommune. Bømlo PPT,Fe,Q7-48-4-2,Q-48-4-5
1219-241,Bømlo kommune. Bømlo PPT,Ff,Q7-48-4-5,Q7-48-5-1
1219-241,Bømlo kommune. Bømlo PPT,Fg,Q7-48-5-1,Q7-48-5-3
1219-242,Bømlo kommune. Barnehagane i Bømlo,Fa,Q7-49-6-2,Q7-49-6-2
1219-242.01,Bømlo kommune. Maurtua barnehage,Fa,Q7-49-5-6,Q7-49-5-6
1219-242.01,Bømlo kommune. Maurtua barnehage,Fb,Q7-49-6-2,Q7-49-6-2
1219-242.01,Bømlo kommune. Maurtua barnehage,Fc,Q7-52-2-3,Q7-52-2-3
1219-315.1,Bømlo kommune. Barnevernet,Fa,Q7-50-3-2,Q7-50-3-2
1219-315.1,Bømlo kommune. Barnevernet,Fb,Q7-50-3-2,Q7-50-3-5
1221-201,Stord kommune. Skulekontoret,Ha,W10-26-1-5,W10-26-1-5
1221-201,Stord kommune. Skulekontoret,Hb,IKKJE FUNNET,
1221-201,Stord kommune. Skulekontoret,Hc,W10-26-1-5,W10-26-1-5
1221-201,Stord kommune. Skulekontoret,Hd,W10-26-1-5,W10-26-1-5
1221-201,Stord kommune. Skulekontoret,He,W10-26-1-5,W10-26-1-6
1221-231.02,Stord kommune. Langeland skule,Ha,IKKJE FUNNET,
1221-231.06,Stord kommune. Nysæter ungdomsskule,Ha,W10-26-1-8,W10--26-1-8
1221-231.06,Stord kommune. Nysæter ungdomsskule,Hb,W10-26-1-8,W10-26-1-8
1221-231.06,Stord kommune. Nysæter ungdomsskule,Hc,W10-26-2-1,W10-26-2-2
1221-231.06,Stord kommune. Nysæter ungdomsskule,Hd,W10-26-2-2,W10-26-2-3
1221-231.06,Stord kommune. Nysæter ungdomsskule,He,IKKJE FUNNET,
1221-231.06,Stord kommune. Nysæter ungdomsskule,Hf,IKKJE FUNNET,
1221-231.06,Stord kommune. Nysæter ungdomsskule,Hg,IKKJE FUNNET,
1221-231.09,Stord kommune. Stord ungdomsskule,Ha,W10-26-2-4,W10-26-2-4
1221-231.09,Stord kommune. Stord ungdomsskule,Hb,W10-26-2-4,W10-26-2-4
1221-231.09,Stord kommune. Stord ungdomsskule,Hc,W10-26-2-4,W10-26-2-6
1221-231.09,Stord kommune. Stord ungdomsskule,Hd,W10-26-2-6,W10-26-2-7
1221-241,Stord kommune. Fitjar og Stord PPT,Fa,W10-24-2-8,W10-24-3-3
1221-241,Stord kommune. Fitjar og Stord PPT,Fba,W10-24-3-3,W10-24-3-5
1221-241,Stord kommune. Fitjar og Stord PPT,Fbb,W10-24-3-5,W10-24-3-5
1221-241,Stord kommune. Fitjar og Stord PPT,Fc,W10-24-3-5,W10-25-1-4
1221-241,Stord kommune. Fitjar og Stord PPT,Fd,W10-25-1-4,W10-25-1-7
1221-241,Stord kommune. Fitjar og Stord PPT,Fe,Q7-90-1-3,Q7-90-1-3
1221-315.1,Stord kommune. Barnevernet,Fa,W10-25-2-7,W10-25-2-7
1221-315.1,Stord kommune. Barnevernet,Fb,W10-25-2-8,W10-25-3-2
1221-315.1,Stord kommune. Barnevernet,Fc,W10-25-3-2,W10-25-3-4
1222-201,Fitjar kommune. Skulekontoret,Ha,Q8-32-2-8,Q8-32-2-8
1222-201,Fitjar kommune. Skulekontoret,Hb,Q8-32-2-8,Q8-32-2-8
1222-201,Fitjar kommune. Skulekontoret,Hc,Q8-32-2-8,Q8-32-2-8
1222-231.02,Fitjar kommune. Rimbareid barne- og ungdomsskule,Ha,Q8-32-2-8,Q8-32-3-1
1222-231.02,Fitjar kommune. Rimbareid barne- og ungdomsskule,Hb,Q8-32-3-1,Q8-32-3-1
1222-315.1,Fitjar kommune. Barnevernet,Fa,Q8-32-3-3,Q8-32-3-3
1222-315.2,Fitjar kommune. Barnevernet,Fb,Q8-32-3-3,Q8-32-3-3
1223-201,Tysnes kommune. Skulekontoret,Ha,Q8-31-1-2,Q8-31-1-1-2
1223-201,Tysnes kommune. Skulekontoret,Hb,Q8-31-1-2,Q8-31-1-1-2
1223-201,Tysnes kommune. Skulekontoret,Hc,Q8-31-1-2,Q8-31-1-1-2
1223-201,Tysnes kommune. Skulekontoret,Hd,Q8-31-1-2,Q8-31-1-1-3
1223-201,Tysnes kommune. Skulekontoret,He,IKKJE FUNNET,
1223-231.01,Tysnes kommune. Tysnes skule,Ha,Q8-31-1-3,Q8-31-1-3
1223-231.01,Tysnes kommune. Tysnes skule,Hb,Q8-31-1-3,Q8-31-1-3
1223-315.2,Tysnes kommune. Barnevernet,Fa,Q8-31-1-8,Q8-31-1-8
1223-315.2,Tysnes kommune. Barnevernet,Fb,Q8-31-1-8,Q8-31-2-1
1223-315.2,Tysnes kommune. Barnevernet,Fc,Q8-31-2-1,Q8-31-2-1
1224-201,Kvinnherad kommune. Skulekontoret,Ha,IKKJE FUNNET,
1224-201,Kvinnherad kommune. Skulekontoret,Hb,IKKJE FUNNET,
1224-201,Kvinnherad kommune. Skulekontoret,Hc,IKKJE FUNNET,
1224-201,Kvinnherad kommune. Skulekontoret,Hd,IKKJE FUNNET,
1224-231.03,Kvinnherad kommune. Hatlestrand skule,Ha,IKKJE FUNNET,
1224-231.03,Kvinnherad kommune. Hatlestrand skule,Hb,IKKJE FUNNET,
1224-231.03,Kvinnherad kommune. Hatlestrand skule,Hc,IKKJE FUNNET,
1224-231.04,Kvinnherad kommune. Hauge skole,Ha,IKKJE FUNNET,
1224-231.05,Kvinnherad kommune. Husnes skule,Ha,IKKJE FUNNET,
1224-231.05,Kvinnherad kommune. Husnes skule,Hb,IKKJE FUNNET,
1224-231.05,Kvinnherad kommune. Husnes skule,Hc,IKKJE FUNNET,
1224-231.05,Kvinnherad kommune. Husnes skule,Hd,IKKJE FUNNET,
1224-231.07,Kvinnherad kommune. Malmanger skule,Ha,IKKJE FUNNET,
1224-231.08,Kvinnherad kommune. Mauranger ungdomskule,Ha,IKKJE FUNNET,
1224-231.09,Kvinnherad kommune. Omvikdalen skule,Ha,Q8-2-5-1,Q8-2-5-1
1224-231.10,Kvinnherad kommune. Rosendal ungdomskule,Ha,IKKJE FUNNET,
1224-231.10,Kvinnherad kommune. Rosendal ungdomskule,Hb,IKKJE FUNNET,
1224-231.14,Kvinnherad kommune. Trå skule,Ha,IKKJE FUNNET,
1224-231.14,Kvinnherad kommune. Trå skule,Hb,IKKJE FUNNET,
1224-231.15,Kvinnherad kommune. Undarheim skule,Ha,IKKJE FUNNET,
1224-231.16,Kvinnherad kommune. Uskedalen skule,Ha,Q8-2-6-3,Q8-2-6-3
1224-231.19,Kvinnherad kommune. Øyatun skule,Ha,IKKJE FUNNET,
1224-231.19,Kvinnherad kommune. Øyatun skule,Hb,IKKJE FUNNET,
1224-231.19,Kvinnherad kommune. Øyatun skule,Hc,Q8-2-6-2,Q8-2-6-3
1224-231.19,Kvinnherad kommune. Øyatun skule,Hd,IKKJE FUNNET,
1224-231.25,Kvinnherad kommune. Øyatun ungdomsskule,Ha,IKKJE FUNNET,
1224-231.26,Kvinnherad kommune. Åkra oppvekstsenter,Ha,Q8-2-6-4,Q8-2-6-4
1224-231.27,Kvinnherad kommune. Åkra skule,Ha,IKKJE FUNNET,
1224-231.27,Kvinnherad kommune. Åkra skule,Hb,IKKJE FUNNET,
1224-241,Kvinnherad kommune. Pedagogisk-psykologisk teneste (PPT) (AKS.15-2010),Fa,Q8-4-3-3,Q8-4-3-4
1224-241,Kvinnherad kommune. Pedagogisk-psykologisk teneste (PPT) (AKS.26-1998),Fa,Q8-5-1-5,Q8-5-1-6
1224-241,Kvinnherad kommune. Pedagogisk-psykologisk teneste (PPT),Fb,Q8-4-3-4,Q8-4-3-5
1224-241,Kvinnherad kommune. Pedagogisk-psykologisk teneste (PPT),Fca,IKKJE FUNNET,
1224-241,Kvinnherad kommune. Pedagogisk-psykologisk teneste (PPT),Fcb,IKKJE FUNNET,
1224-241,Kvinnherad kommune. Pedagogisk-psykologisk teneste (PPT),Fd,IKKJE FUNNET,
1224-241,Kvinnherad kommune. Pedagogisk-psykologisk teneste (PPT),Fe,IKKJE FUNNET,
1224-241,Kvinnherad kommune. Pedagogisk-psykologisk teneste (PPT),Ff,IKKJE FUNNET,
1224-241,Kvinnherad kommune. Pedagogisk-psykologisk teneste (PPT),Fg,IKKJE FUNNET,
1224-241,Kvinnherad kommune. Pedagogisk-psykologisk teneste (PPT),Fh,IKKJE FUNNET,
1224-242,Kvinnherad kommune. Hatlestrand barnehage,Fa,Q8-4-3-5,Q8-4-3-5
1224-315,Kvinnherad kommune. Barnevernet,Fa,Q8-3-2-1,Q8-3-2-2
1224-315,Kvinnherad kommune. Barnevernet,Fb,Q8-3-2-2,Q8-3-2-3
1224-315.01,Kvinnherad kommune. Barnevernet,Fa,IKKJE FUNNET,
1224-315.01,Kvinnherad kommune. Barnevernet,Fb,IKKJE FUNNET,
1224-315.01,Kvinnherad kommune. Barnevernet,Fc,IKKJE FUNNET,
1224-315.01,Kvinnherad kommune. Barnevernet,Fd,IKKJE FUNNET,
1224-315.01,Kvinnherad kommune. Barnevernet,Fe,IKKJE FUNNET,
1227-201,Jondal kommune. Skulekontoret,Ha,Odda-15-1-1,
1227-201,Jondal kommune. Skulekontoret,Hb,Odda-15-1-1,
1227-201,Jondal kommune. Skulekontoret,Hc,Odda-15-1-1,
1227-201,Jondal kommune. Skulekontoret,Ka,Odda-15-1-1,
1227-231.1,Jondal kommune. Jondal skule ,Ea,Odda-15-2-9,
1227-231.1,Jondal kommune. Jondal skule,Gb,Odda-15-1-2,
1227-231.1,Jondal kommune. Jondal skule,Gc,Odda-15-1-2,
1227-231.1,Jondal kommune. Jondal skule ,Gd,Odda-15-2-9,
1227-231.1,Jondal kommune. Jondal skule ,Ge,Odda-15-2-9,
1227-231.1,Jondal kommune. Jondal skule,Ha,Odda-15-1-1,Odda-15-1-2
1227-231.1,Jondal kommune. Jondal skule,Hb,Odda-15-2-7,Odda-15-2-9
1227-231.1,Jondal kommune. Jondal skule,Hc,Odda-ukjent,Odda-ukjent
1227-242.01,Jondal kommune. Jondal barnehage,Fa,Odda-15-1-2,Odda-15-1-3
1227-242.01,Jondal kommune. Jondal barnehage,Fb,Odda-15-3-7,
1227-301,Jondal kommune. Sosialkontoret,Fa,Odda-15-1-3,
1227-301,Jondal kommune. Sosialkontoret,Fb,Odda-15-1-3,
1227-301,Jondal kommune. Sosialkontoret,Fc,Odda-15-1-3,
1227-301,Jondal kommune. Sosialkontoret,Fd,Odda-15-3-8,
1227-415,Jondal kommune. Legekontoret,Fba,Odda-15-1-4,Odda-15-1-5
1227-415,Jondal kommune. Legekontoret,Fbb,Odda-15-1-6,
1227-415,Jondal kommune. Legekontoret,Fca,Odda-15-1-6,Odda-15-1-8
1227-415,Jondal kommune. Legekontoret,Fcb,Odda-15-1-8,Odda-15-1-9
1227-415,Jondal kommune. Legekontoret,Faa,Odda-15-1-4,
1227-416,Jondal kommune. Pleie og omsorg,Fa,Odda-15-1-9,
1227-417,Jondal kommune. Helsestasjonen,Fa,Odda-15-1-9,
1227-417,Jondal kommune. Helsestasjonen,Fb,Odda-15-1-9,
1227-417,Jondal kommune. Helsestasjonen,Fc,Odda-15-1-9,Odda-15-2-1
1227-417,Jondal kommune. Helsestasjonen,Fda,Odda-15-2-5,Odda-15-2-6
1227-417,Jondal kommune. Helsestasjonen,Fdb,Odda-15-2-6,
1227-417,Jondal kommune. Helsestasjonen,Fdc,Odda-15-2-6,
1227-417,Jondal kommune. Helsestasjonen,Fe,Odda-15-2-7,
1227-417,Jondal kommune. Helsestasjonen,Ga,Odda-15-2-7,
1227-417,Jondal kommune. Helsestasjonen,Gb,Odda-15-2-7,
1227-417,Jondal kommune. Helsestasjonen,Gc,Odda-15-2-7,
1227-417,Jondal kommune. Helsestasjonen,Aa,Odda-15-2-7,
1227-442,Jondal kommune. Jondal alders. og sjukeheim,Fa,Odda-15-2-1,
1227-442,Jondal kommune. Jondal alders. og sjukeheim,Fb,Odda-15-3-1,Odda-15-3-2
1227-442,Jondal kommune. Jondal alders. og sjukeheim,Fc,Odda-15-3-2,Odda-15-3-5
1227-442,Jondal kommune. Jondal alders. og sjukeheim,Ga,Odda-15-2-2,
1227-812,Jondal kommune. Overformynderiet,Ba,Odda-15-2-3,
1227-812,Jondal kommune. Overformynderiet,Db,Odda-15-2-3,
1227-812,Jondal kommune. Overformynderiet,Fb,Odda-15-2-3,
1227-812,Jondal kommune. Overformynderiet,Gb,Odda-15-2-3,
1227-812,Jondal kommune. Overformynderiet,Ka,Odda-15-2-3,
1227-812,Jondal kommune. Overformynderiet,Ra,Odda-15-2-3,Odda-15-2-4
1227-812,Jondal kommune. Overformynderiet,Rb,Odda-15-2-4,
1227-812,Jondal kommune. Overformynderiet,Rc,Odda-15-2-4,
1228-201,Odda kommune. Skulekontoret,Ea,Odda-2-2-4,
1228-201,Odda kommune. Skulekontoret,Fa,Odda-2-2-4,
1228-201,Odda kommune. Skulekontoret,Ha,Odda-1-2-1,
1228-201,Odda kommune. Skulekontoret,Hb,Odda-1-2-1,
1228-201,Odda kommune. Skulekontoret,Hc,Odda-2-2-4,
1228-201,Odda kommune. Skulekontoret,Hd,Odda-2-2-5,
1228-231.01,Odda kommune. Odda barneskule,Ea,Odda-2-1-6,
1228-231.01,Odda kommune. Odda barneskule,Ga,Odda-2-1-6,Odda-2-1-9
1228-231.01,Odda kommune. Odda barneskule,Ha,Odda-1-2-2,Odda-1-2-3
1228-231.01,Odda kommune. Odda barneskule,Hb,Odda-1-6-8,Odda-2-1-3
1228-231.01,Odda kommune. Odda barneskule,Hc,Odda-2-1-3,Odda-2-1-4
1228-231.01,Odda kommune. Odda barneskule,Hda,Odda-2-1-4,Odda-2-1-6
1228-231.01,Odda kommune. Odda barneskule,Ka,Odda-2-1-9,
1228-231.01,Odda kommune. Odda barneskule,Kba,Odda-2-1-9,
1228-231.01,Odda kommune. Odda barneskule,Kbb,Odda-2-1-9,
1228-231.01,Odda kommune. Odda barneskule,Ua,Odda-2-1-9,
1228-231.02,Odda kommune. Tyssedal barneskule,Ba,Odda-2-2-2,
1228-231.02,Odda kommune. Tyssedal barneskule,Bb,Odda-2-2-2,
1228-231.02,Odda kommune. Tyssedal barneskule,Ea,Odda-2-2-2,
1228-231.02,Odda kommune. Tyssedal barneskule,Ga,Odda-2-2-1,
1228-231.02,Odda kommune. Tyssedal barneskule,Ha,Odda-1-2-3,
1228-231.02,Odda kommune. Tyssedal barneskule,Hb,Odda-2-2-1,
1228-231.02,Odda kommune. Tyssedal barneskule,Ka,Odda-2-2-2,
1228-231.02,Odda kommune. Tyssedal barneskule,Qa,Odda-2-2-2,
1228-231.02,Odda kommune. Tyssedal barneskule,Za,Odda-2-2-2,
1228-231.03,Odda kommune. Skare barneskule,Ea,Odda-2-2-3,
1228-231.03,Odda kommune. Skare barneskule,Ga,Odda-2-2-3,
1228-231.03,Odda kommune. Skare barneskule,Ha,Odda-1-2-3,Odda-1-2-4
1228-231.03,Odda kommune. Skare barneskule,Hb,Odda-2-2-3,
1228-231.03,Odda kommune. Skare barneskule,Hc,Odda-2-2-3,
1228-231.03,Odda kommune. Skare barneskule,Ka,Odda-2-2-3,
1228-231.03,Odda kommune. Skare barneskule,Aa,Odda-2-2-3,
1228-231.04,Odda kommune. Røldal skule,Ea,Odda-2-2-6,
1228-231.04,Odda kommune. Røldal skule,Fa1,Odda-2-2-6,
1228-231.04,Odda kommune. Røldal skule,Ga,Odda-2-2-6,
1228-231.04,Odda kommune. Røldal skule,Ha,Odda-1-2-4,
1228-231.04,Odda kommune. Røldal skule,Hb,Odda-1-2-4,
1228-231.04,Odda kommune. Røldal skule,Hc,Odda-2-2-5 ,Odda- 2-2-6
1228-231.04,Odda kommune. Røldal skule,Ka,Odda-2-2-6,
1228-231.04,Odda kommune. Røldal skule,Kb,Odda-2-2-6,
1228-231.05,Odda kommune. Odda ungdomsskole,Ab,Odda-2-6-7,
1228-231.05,Odda kommune. Odda ungdomsskole,Ac,Odda-2-6-7,
1228-231.05,Odda kommune. Odda ungdomsskole,Ad,Odda-2-6-7,
1228-231.05,Odda kommune. Odda ungdomsskole,Ae,Odda-2-6-7,
1228-231.05,Odda kommune. Odda ungdomsskole,Af,Odda-2-6-7,
1228-231.05,Odda kommune. Odda ungdomsskole,Ag,Odda-2-6-7,
1228-231.05,Odda kommune. Odda ungdomsskole,Bb,Odda-2-6-8,
1228-231.05,Odda kommune. Odda ungdomsskole,Db,Odda-3-1-5,Odda-3-1-7
1228-231.05,Odda kommune. Odda ungdomsskole,Ea,Odda-2-6-8,
1228-231.05,Odda kommune. Odda ungdomsskole,Fc,Odda-ukjent,
1228-231.05,Odda kommune. Odda ungdomsskole,Ga,Odda-2-6-4,Odda-2-6-5
1228-231.05,Odda kommune. Odda ungdomsskole,Gb,Odda-2-6-5,Odda-2-6-6
1228-231.05,Odda kommune. Odda ungdomsskole,Gc,Odda-2-6-6,Odda-2-6-7
1228-231.05,Odda kommune. Odda ungdomsskole,Ha,Odda-1-2-4,Odda-1-2-5
1228-231.05,Odda kommune. Odda ungdomsskole,Hb,Odda-1-2-5,
1228-231.05,Odda kommune. Odda ungdomsskole,Hc,Odda-1-2-5,
1228-231.05,Odda kommune. Odda ungdomsskole,Hd,Odda-1-2-5,Odda-1-2-6
1228-231.05,Odda kommune. Odda ungdomsskole,Pa,Odda-4-6-9,
1228-231.05,Odda kommune. Odda ungdomsskole,Qa,Odda-2-6-9,
1228-231.05,Odda kommune. Odda ungdomsskole,Ra,Odda-2-6-9,
1228-231.05,Odda kommune. Odda ungdomsskole,Xa,Odda-2-6-9,
1228-231.05,Odda kommune. Odda ungdomsskole,Za,Odda-2-6-9,
1228-240,Odda kommune. Logopedkontoret,Ca,Odda-3-1-3,
1228-240,Odda kommune. Logopedkontoret,Fa,Odda-1-2-6,Odda-1-2-7
1228-240,Odda kommune. Logopedkontoret,Fb,Odda-3-1-1,Odda-3-1-3
1228-240,Odda kommune. Logopedkontoret,Aa,Odda-3-1-3,
1228-241,Odda kommune. Pedagogisk-psykologisk teneste (PPT),Fa,Odda-1-2-7,Odda-1-3-3
1228-267,Odda kommune. Vaksenopplæringen,Ea,Odda-3-1-5,
1228-267,Odda kommune. Vaksenopplæringen,Fa,Odda-3-1-5,
1228-267,Odda kommune. Vaksenopplæringen,Ga,Odda-3-1-5,
1228-267,Odda kommune. Vaksenopplæringen,Ha,Odda-3-1-4,
1228-267,Odda kommune. Vaksenopplæringen,Hb,Odda-3-1-4,Odda-3-1-5
1228-267,Odda kommune. Vaksenopplæringen,Pa,Odda-3-1-5,
1228-301,Odda kommune. Helse- og sosialkontoret,Fab,Odda-1-4-1,Odda-1-4-4
1228-301,Odda kommune. Helse- og sosialkontoret,Fac,Odda-1-4-4,Odda-1-4-5
1228-301,Odda kommune. Helse- og sosialkontoret,Fba,Odda-1-4-5,
1228-301,Odda kommune. Helse- og sosialkontoret,Fca,Odda-1-4-5,Odda-1-4-6
1228-301,Odda kommune. Helse- og sosialkontoret,Fda,Odda-1-4-6,Odda-1-5-1
1228-301,Odda kommune. Helse- og sosialkontoret,Fdb,Odda-1-5-1,Odda-1-5-3
1228-301,Odda kommune. Helse- og sosialkontoret,Fdc,Odda-1-5-3,Odda-1-5-4
1228-301,Odda kommune. Helse- og sosialkontoret,Faa,Odda-1-3-3,Odda-1-4-1
1228-315.01,Odda kommune. Barnevernet,Fa,Odda-1-5-4,
1228-315.01,Odda kommune. Barnevernet,Fb,Odda-ukjent,
1228-315.01,Odda kommune. Barnevernet,Fc,Odda-ukjent,
1228-315.01,Odda kommune. Barnevernet,Fd,Odda-ukjent,
1228-315.01,Odda kommune. Barnevernet,Fe,Odda-ukjent,
1228-315.01,Odda kommune. Barnevernet,Ff,Odda-ukjent,
1228-415.1,Odda kommune. Bygdarbøen legesenter,Fb,Odda-4-5-6,Odda-4-6-1
1228-415.2,Odda kommune. Røldal legekontor,Fab,Odda-1-5-5,
1228-415.2,Odda kommune. Røldal legekontor,Fac,Odda-1-5-5,
1228-415.2,Odda kommune. Røldal legekontor,Fb,Odda-2-6-1,Odda-2-6-2
1228-415.2,Odda kommune. Røldal legekontor,Fc,Odda-2-6-2,
1228-415.2,Odda kommune. Røldal legekontor,Fd,Odda-ukjent,
1228-415.2,Odda kommune. Røldal legekontor,Fe,Odda-ukjent,
1228-415.2,Odda kommune. Røldal legekontor,Faa,Odda-1-5-4,
1228-415.3,Odda kommune. Odda legesenter,Fab,Odda-3-1-9 ,Odda- 3-3-3
1228-415.3,Odda kommune. Odda legesenter,Fac,Odda-3-3-3,Odda-3-3-5
1228-415.3,Odda kommune. Odda legesenter,Fad,Odda-3-3-5,Odda-3-3-6
1228-415.3,Odda kommune. Odda legesenter,Fae,Odda-3-3-6,Odda-3-3-7
1228-415.3,Odda kommune. Odda legesenter,Faf,Odda-3-3-8,
1228-415.3,Odda kommune. Odda legesenter,Fag,Odda-3-3-8,
1228-415.3,Odda kommune. Odda legesenter,Fah,Odda-4,
1228-415.3,Odda kommune. Odda legesenter,Faa,Odda-3-1-8,
1228-416.1,Odda kommune. Odda pleie- og omsorg,Fa,Odda-1-5-5,
1228-416.1,Odda kommune. Odda pleie- og omsorg,Fb,Odda-1-5-5,Odda-1-5-6
1228-416.1,Odda kommune. Odda pleie- og omsorg,Fc,Odda-1-5-6,
1228-416.1,Odda kommune. Odda pleie- og omsorg,Fd,Odda-1-5-6,Odda-1-5-9
1228-416.1,Odda kommune. Odda pleie- og omsorg,Fe,Odda-2-2-9 ,Odda- 2-6-1
1228-416.1,Odda kommune. Odda pleie- og omsorg,Ga,Odda-1-5-9,
1228-416.2,Odda kommune. Røldal pleie- og omsorg,Fa,Odda-1-5-9,
1228-417.1,Odda kommune. Helsestasjonen,Fa,Odda-1-1-1,Odda-1-1-8
1228-417.1,Odda kommune. Helsestasjonen,Fb,Odda-1-1-8,Odda-1-1-9
1228-417.1,Odda kommune. Helsestasjonen,Fc,Odda-1-1-9,
1228-442.1,Odda kommune. Odda sjukeheim,Ca,Odda-2-6-1,
1228-442.1,Odda kommune. Odda sjukeheim,Fa,Odda-1-5-9,Odda-1-6-1
1228-442.1,Odda kommune. Odda sjukeheim,Fb,Odda-1-6-1,
1228-442.1,Odda kommune. Odda sjukeheim,Fc,Odda-1-6-2,Odda-1-6-3
1228-442.1,Odda kommune. Odda sjukeheim,Fd,Odda-1-6-3,Odda-1-6-4
1228-442.1,Odda kommune. Odda sjukeheim,Aa,Odda-2-6-1,
1228-442.2,Odda kommune. Røldal alders- og sjukeheim,Fa,Odda-1-6-4,
1228-442.2,Odda kommune. Røldal alders- og sjukeheim,Fb,Odda-1-6-5,
1228-442.2,Odda kommune. Røldal alders- og sjukeheim,Fc,Odda-1-6-5,
1228-442.2,Odda kommune. Røldal alders- og sjukeheim,Ga,Odda-1-6-6,
1228-442.3,Odda kommune. Odda gamleheim,Ta,Odda-2-6-1,
1228-443.1,Odda kommune. Solbakken tilsynsheim,Fa,Odda-1-6-6,Odda-1-6-7
1231b-201,Ullensvang herad. Skulekontoret,Ha,Odda-9-1-1,
1231b-201,Ullensvang herad. Skulekontoret,Hb,Odda-9-1-1,
1231b-201,Ullensvang herad. Skulekontoret,Hc,Odda-9-1-1,Odda-9-1-2
1231b-231.01,Ullensvang herad. Hauso skule,Ha,Odda-9-1-2,
1231b-231.01,Ullensvang herad. Hauso skule,Hb,Odda-ukjent,
1231b-231.02,Ullensvang herad. Kinsarvik skule,Ea,Odda-9-4-6,
1231b-231.02,Ullensvang herad. Kinsarvik skule,Ga,Odda-9-4-5,Odda-9-4-6
1231b-231.02,Ullensvang herad. Kinsarvik skule,Ha,Odda-9-1-2,Odda-9-1-3
1231b-231.02,Ullensvang herad. Kinsarvik skule,Hb,Odda-9-4-1,Odda-9-4-5
1231b-231.03,Ullensvang herad. Opedal skule,Ha,Odda-9-1-3,
1231b-231.04,Ullensvang herad. Sekse skule,Ha,Odda-9-1-3,Odda-9-1-4
1231b-231.05,Ullensvang herad. Vines skule,Ha,Odda-9-1-4,Odda-9-1-5
1231b-231.06,Ullensvang herad. Vikebygd skule,Bb,Odda-9-4-6,
1231b-231.06,Ullensvang herad. Vikebygd skule,Ca,Odda-9-4-6,
1231b-231.06,Ullensvang herad. Vikebygd skule,Ea,Odda-9-4-6 ,Odda- 9-4-7
1231b-231.06,Ullensvang herad. Vikebygd skule,Ga,Odda-9-4-7,
1231b-231.06,Ullensvang herad. Vikebygd skule,Ha,Odda-9-4-7,Odda-9-4-8
1231b-231.06,Ullensvang herad. Vikebygd skule,Ia,Odda-9-4-8,
1231b-231.06,Ullensvang herad. Vikebygd skule,Pa,Odda-9-4-8,
1231b-231.06,Ullensvang herad. Vikebygd skule,Ra,Odda-9-4-8,
1231b-231.06,Ullensvang herad. Vikebygd skule,Aa,Odda-9-4-6,
1231b-240,Ullensvang herad. Logopedkontoret,Fa,Odda-9-1-5,
1231b-242,Ullensvang herad. Barnehagane,Fa,Odda-9-1-5,
1231b-242.01,Ullensvang herad. Vines barnehage,Fa,Odda-9-1-5,
1231b-242.02,Ullensvang herad. Utne barnehage,Fa,Odda-9-1-5,
1231b-242.02,Ullensvang herad. Utne barnehage,Fb,Odda-ukjent,
1231b-242.02,Ullensvang herad. Utne barnehage,Fc,Odda-ukjent,
1231b-242.03,Ullensvang herad. Sekse barnehage,Fa,Odda-9-1-5,
1231b-242.03,Ullensvang herad. Sekse barnehage,Fb,Odda-ukjent,
1231b-242.04,Ullensvang herad. Veisane barnehage,Ea,Odda-9-4-9,
1231b-242.04,Ullensvang herad. Veisane barnehage,Fa,Odda-9-1-5,
1231b-242.04,Ullensvang herad. Veisane barnehage,Hb,Odda-9-4-9,
1231b-242.04,Ullensvang herad. Veisane barnehage,Pa,Odda-9-4-9,
1231b-242.05,Ullensvang herad. Aga barnehage,Fa,Odda-9-1-5,
1231b-242.06,Ullensvang herad. Kinsarvik barnehage,Ea,Odda-9-4-1,
1231b-242.06,Ullensvang herad. Kinsarvik barnehage,Fa,Odda-9-3-9,Odda-9-4-1
1231b-242.06,Ullensvang herad. Kinsarvik barnehage,Ga,Odda-9-4-1,
1231b-242.06,Ullensvang herad. Kinsarvik barnehage,Pa,Odda-9-4-1,
1231b-301,Ullensvang herad. Sosialkontoret,Fa,Odda-9-1-5,Odda-9-1-6
1231b-315.1,Ullensvang herad. Barnevernet,Fa,Odda-9-1-6,Odda-9-1-7
1231b-320,Ullensvang herad. Innvandrar- og flyktningtenesta,Fa,Odda-9-1-7,
1231b-411.1,Ullensvang herad. Helseråd/distriktslege/Helsesøster f. 1861-1966,Fa,Odda-9-1-7,Odda-9-1-8
1231b-415.1,Ullensvang herad. Utne legekontor,Fab,Odda-9-2-1,Odda-9-2-2
1231b-415.1,Ullensvang herad. Utne legekontor,Fac,Odda-9-2-2,
1231b-415.1,Ullensvang herad. Utne legekontor,Fad,Odda-9-2-2,Odda-9-2-3
1231b-415.1,Ullensvang herad. Utne legekontor,Fae,Odda-9-2-3,Odda-9-2-4
1231b-415.1,Ullensvang herad. Utne legekontor,Faa,Odda-9-1-9,Odda-9-2-1
1231b-415.2,Ullensvang herad. Lofthus legekontor,Fab,Odda-9-2-6,Odda-9-2-7
1231b-415.2,Ullensvang herad. Lofthus legekontor,Fac,Odda-9-2-7,
1231b-415.2,Ullensvang herad. Lofthus legekontor,Faa,Odda-9-2-4,Odda-9-2-6
1231b-417.1,Ullensvang herad. Ullensvang helsestasjon avd. Utne,Fa,Odda-9-2-7,Odda-9-2-8
1231b-417.2,Ullensvang herad. Ullensvang helsestasjon avd. Kinsarvik ,Fa,Odda-9-2-9,Odda-9-3-3
1231b-417.2,Ullensvang herad. Kinsarvik helsestasjon,Fb,Odda-9-3-3,Odda-9-3-4
1231b-419,Ullensvang herad. Psykiatri,Fa,Odda-9-3-5,
1231b-421,Ullensvang herad. Fysio- og ergoterapitenesta,Fab,Odda-9-3-5,
1231b-421,Ullensvang herad. Fysio- og ergoterapitenesta,Fac,Odda-9-3-5,
1231b-421,Ullensvang herad. Fysio- og ergoterapitenesta,Faa,Odda-9-3-5,
1231b-442.1,Ullensvang herad. Utne alders- og sjukeheim,Fa,Odda-9-3-5,Odda-9-3-7
1231b-442.1,Ullensvang herad. Utne alders- og sjukeheim,Fb,Odda-9-3-7,
1231b-442.2,Ullensvang herad. Kinsarvik alders- og sjukeheim,Fa,Odda-9-3-7,
1231b-442.2,Ullensvang herad. Kinsarvik alders- og sjukeheim,Fb,Odda-9-3-7,
1231b-812,Ullensvang herad. Overformynderiet,Ab,Odda-9-3-8,
1231b-812,Ullensvang herad. Overformynderiet,Ba,Odda-9-3-8,
1231b-812,Ullensvang herad. Overformynderiet,Cb,Odda-9-3-8,
1231b-812,Ullensvang herad. Overformynderiet,Fa,Odda-9-3-8,
1231b-812,Ullensvang herad. Overformynderiet,Gb,Odda-9-3-8,
1231b-812,Ullensvang herad. Overformynderiet,Rc,Odda-9-3-8,
1231b-812.1,Ullensvang herad. Overformynderiet,Hb,Odda-9-3-8,Odda-9-3-9
1231b-812.1,Ullensvang herad. Overformynderiet,Rd,Odda-9-3-8,
1233-201,Ulvik herad. Skulekontoret,Ha,IKKJE FUNNET,
1233-231.3,Ulvik herad. Brakanes barne- og ungdomsskule,Ha,IKKJE FUNNET,
1233-231.3,Ulvik herad. Brakanes barne- og ungdomsskule,Hb,IKKJE FUNNET,
1233-242,Ulvik herad. Ulvik barnehage,Fa,IKKJE FUNNET,
1233-315.02,Ulvik herad. Barnevernet,Fa,IKKJE FUNNET,
1233-315.02,Ulvik herad. Barnevernet,Fb,IKKJE FUNNET,
1233-315.02,Ulvik herad. Barnevernet,Fc,IKKJE FUNNET,
1234-201,Granvin herad. Skulekontoret,Ha,IKKJE FUNNET,
1234-201,Granvin herad. Skulekontoret,Hb,IKKJE FUNNET,
1234-201,Granvin herad. Skulekontoret,Hc,IKKJE FUNNET,
1234-231.2,Granvin herad. Granvin barne- og ungdomsskule,Ha,IKKJE FUNNET,
1234-242.1,Granvin herad. Granvin barnehage,Fa,IKKJE FUNNET,
1235-231.01,Voss kommune. Voss ungdomsskule,Ha,Sjå originalskjema,
1235-231.02,Voss kommune. Evanger barne og ungdomsskule,Ha,Sjå originalskjema,
1235-231.03,Voss kommune. Sundve skule,Hab,Sjå originalskjema,
1235-231.03,Voss kommune. Sundve skule,Haa,Sjå originalskjema,
1235-231.04,Voss kommune. Gjernes skule,Ha,Sjå originalskjema,
1235-231.05,Voss kommune. Palmafossen skule,Ha,Sjå originalskjema,
1235-231.06,Voss kommune. Bulken skule,Ha,Sjå originalskjema,
1235-231.07,Voss kommune. Gullfjordungen skule,Ha,Sjå originalskjema,
1235-231.08,Voss kommune. Skulestad skule,Ha,Sjå originalskjema,
1235-231.09,Voss kommune. Vangen skule,Ha,Sjå originalskjema,
1235-231.10,Voss kommune. Bjørgum skule,Ha,Sjå originalskjema,
1235-241,Voss kommune. Voss PPT eske nr 1-14,Fa,Q8-83-2-6,Q8-83-3-1
1235-241,Voss kommune. Voss PPT eske nr 109-124,Fa,Q8-83-3-2,Q8-83-3-4
1235-241,Voss kommune. Voss PPT eske nr 104-108,Fa,Q8-83-3-6,Q8-83-3-7
1235-241,Voss kommune. Voss PPT eskenr. 1-91; 100-103 ,Fa,Q8-85-2-2,Q8-85-3-6
1235-241,Voss kommune. Voss PPT eskenr. 92-99,Fa,Q8-86-1-1,Q8-86-1-2
1235-241,Voss kommune. Voss PPT,Fab,IKKJE FUNNET,
1235-241,Voss kommune. Voss PPT eske nr 1-45,Fb,Q8-83-3-7,Q8-84-1-5
1235-241,Voss kommune. Voss PPT,Faa,IKKJE FUNNET,
1235-241.1,Voss kommune. Voss- Granvin og Ulvik PPT,Fa,IKKJE FUNNET,
1235-242.1,Voss kommune. Lundhaugen barnehage,Fa,Q8-84-1-5,Q8-84-1-6
1235-242.2,Voss kommune. Gjernes barnehage,Fa,Q8-84-1-6,Q8-84-1-6
1235-242.3,Voss kommune. Bjørkeli barnehage,Fa,Q8-84-1-6,Q8-84-1-6
1235-242.4,Voss kommune. Bjørgamarka barnehage,Fa,Q8-84-1-6,Q8-84-1-6
1235-242.5,Voss kommune. Kyte barnehage,Fa,Q8-84-1-6,Q8-84-1-6
1235-242.6,Voss kommune. Gjerde barnehage,Fa,Q8-84-1-6,Q8-84-1-6
1235-242.7,Voss kommune. Brynaskogen barnehage,Fa,Q8-84-1-6,Q8-84-1-6
1238-201,Kvam herad. Skulekontoret,Ha,Q8-6-2-2,Q8-6-2-2
1238-201,Kvam herad. Skulekontoret,Hb,Q8-6-2-4,Q8-6-2-4
1238-201,Kvam herad. Skulekontoret,Hc,IKKJE FUNNET,
1238-201,Kvam herad. Skulekontoret,Hda,IKKJE FUNNET,
1238-201,Kvam herad. Skulekontoret,Hdb,Q8-6-2-3,Q8-6-2-4
1238-201,Kvam herad. Skulekontoret,He,Q8-5-2-7,Q8-5-2-7
1238-201,Kvam herad. Skulekontoret,Hfa,IKKJE FUNNET,
1238-201,Kvam herad. Skulekontoret,Hfb,Q8-5-3-2,Q8-5-3-4
1238-201,Kvam herad. Skulekontoret,Hga,Q8-5-3-5,Q8-5-3-6
1238-201.1,Kvam herad. Oppvekst spesialundervisning,Ha,Q8-6-3-7,Q8-6-3-7
1238-201.1,Kvam herad. Oppvekst spesialundervisning,Hb,Q8-5-3-1,Q8-5-3-1
1238-201.1,Kvam herad. Oppvekst spesialundervisning,Hc,Q8-6-1-3,Q8-6-1-3
1238-201.1,Kvam herad. Oppvekst spesialundervisning,Hd,Q8-5-3-1,Q8-5-3-1
1238-201.1,Kvam herad. Oppvekst spesialundervisning,He,Q8-5-3-2,Q8-5-3-2
1238-231.01,Kvam herad. Norheimsund barne- og ungdomsskule,Ha,Q8-6-2-1,Q8-6-2-2
1238-231.01,Kvam herad. Norheimsund barne- og ungdomsskule,Hb,Q8-6-1-3,Q8-6-1-3
1238-231.01,Kvam herad. Norheimsund barne- og ungdomsskule,Hc,Q8-6-3-5,Q8-6-3-5
1238-231.02,Kvam herad. Strandebarm barne- og ungdomsskule,Ha,IKKJE FUNNET,
1238-231.02,Kvam herad. Strandebarm barne- og ungdomsskule,Hb,Q8-6-3-5,Q8-6-3-6
1238-231.03,Kvam herad. Ålvik skule,Ha,IKKJE FUNNET,
1238-231.04,Kvam herad. Steinsdalen skule,Ha,Q8-7-1-1,Q8-7-1-1
1238-241,Kvam herad. Jondal og Kvam PPT,Fa,Q8-5-2-6,Q8-5-2-7
1238-241,Kvam herad. Jondal og Kvam PPT,Fb,Q8-6-1-2,Q8-6-1-2
1238-241,Kvam herad. Jondal og Kvam PPT,Fc,Q8-6-2-1,Q8-6-2-1
1238-241,Kvam herad. Jondal og Kvam PPT,Fd,Q8-6-2-1,Q8-6-2-1
1238-241,Kvam herad. Jondal og Kvam PPT,Fe,Q8-6-1-6,Q8-6-1-6
1238-241,Kvam herad. Jondal og Kvam PPT,Ff,Q8-6-3-6,Q8-6-3-6
1238-241,Kvam herad. Jondal og Kvam PPT,Fga,Q8-6-2-8,Q8-6-3-3
1238-241,Kvam herad. Jondal og Kvam PPT eskenr. 3,Fj,Q8-6-3-6,Q8-6-3-6
1238-241,Kvam herad. Jondal og Kvam PPT eskenr. 1-2,Fj,Q8-7-1-2,Q8-7-1-2
1238-242.01,Kvam herad. Tørvikbygd barnehage,Fa,IKKJE FUNNET,
1238-242.01,Kvam herad. Tørvikbygd barnehage,Fb,IKKJE FUNNET,
1238-242.02,Kvam herad. Fykse barnehage,Fa,Q8-6-3-6,Q8-6-3-6
1238-242.03,Kvam herad. Norheimsund barnehage,Fa,Q8-6-3-6,Q8-6-3-6
1238-242.04,Kvam herad. Oma barnehage,Fa,Q8-7-1-2,Q8-7-1-2
1238-242.05,Kvam herad. Strandebarm barnehage,Fa,Q8-6-2-7,Q8-6-2-7
1238-242.06,Kvam herad. Tolomarka barnehage,Fa,Q8-6-3-3,Q8-6-3-3
1238-242.07,Kvam herad. Tørvikbygd barnehage,Fa,Q8-6-1-1,Q8-6-1-1
1238-242.07,Kvam herad. Tørvikbygd barnehage,Fb,Q8-6-1-1,Q8-6-1-1
1238-242.08,Kvam herad. Øystese barnehage,Fa,IKKJE FUNNET,
1238-242.08,Kvam herad. Øystese barnehage,Fb,Q8-6-3-4,Q8-6-3-4
1238-242.09,Kvam herad. Ålvik barnehage,Fa,Q8-6-2-6,Q8-6-2-7
1238-242.10,Kvam herad. Barnehagane i Kvam herad,Fa,Q8-6-3-3,Q8-6-3-4
1238-315.01,Kvam herad. Barnevernet,Fa,IKKJE FUNNET,
1238-315.01,Kvam herad. Barnevernet,Fb,IKKJE FUNNET,
1238-315.01,Kvam herad. Barnevernet,Fc,Q8-5-3-4,Q8-5-3-5
1238-315.01,Kvam herad. Barnevernet,Fd,Q8-6-3-7,Q8-7-1-1
1238-315.02,Kvam herad. Kvam- Voss familiesenter,Fa,Q8-7-1-1,Q8-7-1-1
1241-201,Fusa kommune. Skulekontoret,Ha,Q8-32-3-7,Q8-32-3-7
1241-201,Fusa kommune. Skulekontoret,Hb,Q8-32-3-8,Q8-32-3-8
1241-201,Fusa kommune. Skulekontoret,Hc,Q8-32-3-8,Q8-32-3-8
1241-201,Fusa kommune. Skulekontoret,Hd,Q8-32-3-8,Q8-33-1-1
1241-201,Fusa kommune. Skulekontoret,He,Q8-26-2-4,Q8-26-2-4
1241-201,Fusa kommune. Skulekontoret,Hf,IKKJE FUNNET,
1241-231.01,Fusa kommune. Eikelandsosen skule,Ha,Q8-26-2-4,Q8-26-2-5
1241-231.02,Fusa kommune. Fusa ungdomsskule,Ha,Q8-33-1-1,Q8-33-1-1
1241-231.02,Fusa kommune. Fusa ungdomsskule,Hb,Q8-26-2-5,Q8-26-2-5
1241-231.02,Fusa kommune. Fusa ungdomsskule,Hc,Q7-31-2-4,Q7-31-2-7
1241-231.03,Fusa kommune. Holdhus skule,Ha,Q8-26-2-5,Q8-26-2-6
1241-231.03,Fusa kommune. Holdhus skule,Hb,Q8-33-1-1,Q8-33-1-1
1241-231.04,Fusa kommune. Nore Fusa skule,Ha,Q8-26-2-6,Q8-26-2-6
1241-231.05,Fusa kommune. Holmefjord skule,Ha,Q8-26-2-6,Q8-26-2-6
1241-231.07,Fusa kommune. Fusa barneskole,Ha,Q8-26-3-5,Q8-26-3-5
1241-241,Fusa kommune. Fusa PPT,Fa,Q8-33-1-2,Q8-33-1-2
1241-241,Fusa kommune. Fusa PPT,Fb,Q8-33-1-2,Q8-33-1-2
1241-241,Fusa kommune. Fusa PPT,Fc,Q8-33-1-2,Q8-33-1-3
1241-241,Fusa kommune. Fusa PPT,Fd,Q8-26-3-5,Q8-26-3-5
1241-241,Fusa kommune. Fusa PPT,Fe,Q7-31-2-4,Q7-31-2-4
1241-241,Fusa kommune. Fusa PPT,Ff,Q8-26-2-2,Q8-26-2-3
1241-241,Fusa kommune. Fusa PPT,Fg,Q8-26-2-3,Q8-26-2-4
1241-242.1,Fusa kommune. Jettegryto barnehage,Fa,Q8-33-1-3,Q8-33-1-3
1241-242.1,Fusa kommune. Jettegryto barnehage,Fb,Q8-33-1-3,Q8-33-1-3
1241-242.1,Fusa kommune. Jettegryto barnehage,Fc,Q8-26-3-6,Q8-26-3-6
1241-242.1,Fusa kommune. Jettegryto barnehage,Fd,Q8-23-2-3,Q8-23-2-3
1241-242.1,Fusa kommune. Jettegryto barnehage,Fe,Q8-23-2-3,Q8-23-2-3
1241-242.2,Fusa kommune. Holdhus barnehage,Fa,Q8-33-1-3,Q8-33-1-3
1241-242.2,Fusa kommune. Holdhus barnehage,Fb,Q8-26-3-3,Q8-26-3-3
1241-242.3,Fusa kommune. Søre Fusa oppvekstssenter,Fa,Q8-26-2-7,Q8-26-2-7
1241-242.3,Fusa kommune. Søre Fusa oppvekstssenter,Fb,Q8-23-2-3,Q8-23-2-3
1241-242.4,Fusa kommune. Strandvik barnehage,Fa,Q8-26-2-7,Q8-26-2-7
1241-242.4,Fusa kommune. Strandvik barnehage,Fb,Q8-23-2-3,Q8-23-2-3
1241-242.5,Fusa kommune. Trollskogen barnehage,Fa,Q8-26-2-7,Q8-26-2-7
1241-242.5,Fusa kommune. Trollskogen barnehage,Fb,Q8-23-2-3,Q8-23-2-4
1241-242.6,Fusa kommune. Holmefjord barnehage,Fa,Q8-33-1-3,Q8-33-1-3
1241-242.6,Fusa kommune. Holmefjord barnehage,Fb,Q8-23-2-4,Q8-23-2-4
1241-242.7,Fusa kommune. Søre-Fusa barnehage,Fa,Q8-23-2-4,Q8-23-2-4
1241-315.1,Fusa kommune. Barnevernet,Fa,IKKJE FUNNET,
1241-315.1,Fusa kommune. Barnevernet,Fb,Q8-26-3-1,Q8-26-3-2
1241-315.1,Fusa kommune. Barnevernet,Fc,Q8-26-3-2,Q8-26-3-2
1241-315.1,Fusa kommune. Barnevernet,Fd,Q8-25-3-3,Q8-25-3-6
1242-201,Samnanger kommune. Skulekontoret,Ha,Q8-19-3-4,Q8-19-3-4
1242-201,Samnanger kommune. Skulekontoret,Hb,Q8-19-3-4,Q8-19-3-4
1242-201,Samnanger kommune. Skulekontoret,Hc,Q8-19-3-4,Q8-19-3-4
1242-231.2,Samnanger kommune. Samnanger ungdomsskule,Ha,Q8-19-3-4,Q8-19-3-4
1242-231.2,Samnanger kommune. Samnanger ungdomsskule,Hb,Q8-19-3-4,Q8-19-3-4
1242-231.2,Samnanger kommune. Samnanger ungdomsskule,Hc,Q8-19-3-4,Q8-19-3-4
1242-231.3,Samnanger kommune. Nordbygda skule,Ha,IKKJE FUNNET,
1243-201,Os kommune. Skulekontoret,Ha,Q7-74-2-6,Q7-74-2-6
1243-201,Os kommune. Skulekontoret,Hb,Q7-74-3-1,Q7-74-3-1
1243-201,Os kommune. Skulekontoret,Hc,Q7-74-3-1,Q7-74-3-3
1243-201,Os kommune. Skulekontoret,Hdb,IKKJE FUNNET,
1243-202,Os kommune. Skulekontoret,Heb,Q7-74-3-3,Q7-74-3-3
1243-231.01,Os kommune. Halhjem barneskule,Ha,IKKJE FUNNET,
1243-231.02,Os kommune. Hegglandsdalen skule,Ha,Q7-72-2-1,Q7-72-2-2
1243-231.02,Os kommune. Hegglandsdalen skule,Hb,Q7-67-2-4,Q7-67-2-4
1243-231.03,Os kommune. Kuventræ barneskule,Hb,Q7-67-2-4,Q7-67-2-6
1243-231.03,Os kommune. Kuventræ barneskule,Hc,Q7-67-2-6,Q7-67-2-6
1243-231.04,Os kommune. Lunde barneskule,Ha,Q7-67-3-1,Q7-67-3-2
1243-231.05,Os kommune. Lysekloster barneskule,Ha,Q7-67-3-2,Q7-67-3-3
1243-231.06,Os kommune. Nore Neset barneskule,Ha,IKKJE FUNNET,
1243-231.06,Os kommune. Nore Neset barneskule,Hb,Q7-67-3-3,Q7-68-1-4
1243-231.07,Os kommune. Nore Neset ungdomsskule,Ha,IKKJE FUNNET,
1243-231.07,Os kommune. Nore Neset ungdomsskule,Hb,Q7-72-2-5,Q7-72-2-6
1243-231.08,Os kommune. Os barneskule,Ha,Q7-68-1-4,Q7-68-2-1
1243-231.09,Os kommune. Os ungdomsskule,Ha,Q7-68-2-1,Q7-68-2-3
1243-231.10,Os kommune. Strøno barneskule,Ha,Q7-68-2-3,Q7-68-2-4
1243-231.11,Os kommune. Søfteland barneskule,Ha,Q7-68-2-4,Q7-68-3-1
1243-231.11,Os kommune. Søfteland barneskule,Hb,Q7-68-3-1,Q7-68-3-1
1243-231.12,Os kommune. Søre Øyane barneskule,Ha,Q7-68-3-1,Q7-68-3-2
1243-231.14,Os kommune. Strandvik montessoriskule,Ha,Q8-2-3-1,Q8-2-3-1
1243-231.17,Os kommune. Lundefossen skule,Ha,IKKJE FUNNET,
1243-231.17,Os kommune. Lundefossen skule,Hb,IKKJE FUNNET,
1243-241,Os kommune. Os PPT,Fa,Q7-74-3-4,Q7-74-3-4
1243-241,Os kommune. Os PPT,Fb,Q7-74-3-4,Q7-74-3-5
1243-241,Os kommune. Os PPT,Fc,Q7-74-3-5,Q7-74-3-5
1243-241,Os kommune. Os PPT,Fd,Q7-74-3-5,Q7-75-1-4
1243-241,Os kommune. Os PPT,Fe,Q7-68-3-2,Q7-69-1-5
1243-241,Os kommune. Os PPT,Ff,IKKJE FUNNET,
1243-242.01,Os kommune. Os barnehage,Fa,Q7-74-2-6,Q7-74-2-6
1243-242.01,Os kommune. Os barnehage,Fb,Q7-69-1-5,Q7-69-1-6
1243-242.02,Os kommune. Flåten og Os Husmorlags barnehage,Fa,Q7-74-2-5,Q7-74-2-6
1243-242.03,Os kommune. Nore Neset barnehage,Fa,Q7-72-2-6,Q7-72-2-6
1243-242.04,Os kommune. Lysekloster barnehage,Fa,IKKJE FUNNET,
1243-242.05,Os kommune. Søfteland barnehage,Fa,Q7-69-2-1,Q7-69-2-1
1243-242.06,Os kommune. Halhjem barnetun,Fa,Q7-69-2-1,Q7-69-2-1
1243-315,Os kommune. Barnevernet,Fa,Q7-75-2-6,Q7-75-3-5
1243-315,Os kommune. Barnevernet,Fba,Q7-71-3-4,Q7-71-3-4
1243-315,Os kommune. Barnevernet,Fbb,Q7-71-3-4,Q7-71-3-5
1243-315,Os kommune. Barnevernet,Fbc,Q7-71-3-5,Q7-71-3-5
1243-315,Os kommune. Barnevernet,Fc,Q7-69-2-1,Q7-69-2-4
1243-315,Os kommune. Barnevernet,Fca,Q7-69-2-4,Q7-69-3-2
1243-315,Os kommune. Barnevernet,Fcb,Q7-69-3-2,Q7-69-3-2
1244-201,Austevoll kommune. Skulekontoret,Fa,Q8-19-1-5,Q8-19-1-5
1244-201,Austevoll kommune. Skulekontoret,Fba,Q8-19-1-7,Q8-19-1-7
1244-201,Austevoll kommune. Skulekontoret,Fbb,Q8-19-1-7,Q8-19-1-7
1244-201,Austevoll kommune. Skulekontoret,Fca,Q8-19-1-8,Q8-19-2-1
1244-201,Austevoll kommune. Skulekontoret,Fcb,Q8-19-2-1,Q8-19-2-1
1244-201,Austevoll kommune. Skulekontoret,Fcd,Q8-19-2-1,Q8-19-2-1
1244-201,Austevoll kommune. Skulekontoret,Fcv,Q8-19-2-1,Q8-19-2-2
1244-231.2,Austevoll kommune. Drøna skule,Ha,IKKJE FUNNET,
1244-241,Austevoll kommune. Austevoll PPT,Fa,Q8-19-1-7,Q8-19-1-7
1244-241,Austevoll kommune. Austevoll PPT,Fb,Q8-19-1-8,Q8-19-1-8
1244-241,Austevoll kommune. Austevoll PPT,Fc,Q8-19-2-2,Q8-19-2-4
1244-241,Austevoll kommune. Austevoll PPT,Fd,Q7-46-2-7,Q7-46-2-8
1244-241,Austevoll kommune. Austevoll PPT,Fe,Wa-2-2,Wa-2-4
1244-242,Austevoll kommune. Barnehage,Fa,Wa-2-4,Wa-2-4
1244-315.1,Austevoll kommune. Barnevernet,Fa,Q8-19-2-6,Q8-19-2-6
1244-315.1,Austevoll kommune. Barnevernet,Fb,Q7-46-2-8,Q7-46-2-8
1244-315.1,Austevoll kommune. Barnevernet,Fca,Wa-3-1,Wa-3-3
1244-315.1,Austevoll kommune. Barnevernet,Fcb,Wa-3-3,Wa-3-4
1244-315.1,Austevoll kommune. Barnevernet,Fcc,Wa-3-4,Wa-3-4
1245-201,Sund kommune. Skulekontoret,Ha,W10-27-2-5,W10-27-2-5
1245-201,Sund kommune. Skulekontoret,Hb,W10-27-2-5,W10-27-2-5
1245-231.1,Sund kommune. Glesnes skule,Ha,W10-27-2-5,W10-27-2-5
1245-231.2,Sund kommune. Pollen skule,Ha,W10-27-2-6,W10-27-2-7
1245-231.3,Sund kommune. Skogsvåg skule,Ha,W10-27-2-7,W10-27-2-7
1245-231.4,Sund kommune. Stranda skule,Ha,W10-27-2-7,W10-27-2-8
1245-231.5,Sund kommune. Sund skule,Ha,W10-27-2-8,W10-27-3-1
1245-231.6,Sund kommune. Telavåg skule,Ha,W10-27-3-1,W10-27-3-1
1245-231.6,Sund kommune. Telavåg skule,Hb,W10-27-3-1,W10-27-3-1
1245-231.7,Sund kommune. Tofterøy skule,Ha,W10-27-3-1,W10-27-3-1
1245-231.8,Sund kommune. Sund ungdomsskule,Ha,W10-27-3-1,W10-27-3-1
1245-231.8,Sund kommune. Sund ungdomsskule,Hb,W10-27-3-2,W10-27-3-2
1245-241,Sund kommune. Sund PPT,Fa,W10-27-3-2,W10-27-3-3
1245-242,Sund kommune. Sund PPT,Fb,W10-27-3-3,W10-27-3-3
1245-242.2,Sund kommune. Glesnes barnehage,Fa,W10-26-2-8,W10-26-2-8
1245-242.2,Sund kommune. Glesnes barnehage,Fb,W10-26-2-8,W10-26-2-8
1245-242.4,Sund kommune. Klokkarvik barnehage,Fa,W10-26-2-8,W10-26-2-8
1245-242.5,Sund kommune. Skogsvåg barnehage,Fa,W10-26-2-8,W10-26-2-8
1245-242.5,Sund kommune. Skogsvåg barnehage,Fb,W10-26-2-8,W10-26-3-1
1245-242.6,Sund kommune. Stranda barnehage,Fa,W10-26-3-1,W10-26-3-1
1245-242.8,Sund kommune. Telavåg barnehage,Fa,W10-26-3-1,W10-26-3-2
1245-243,Sund kommune. Sund PPT,Fc,W10-27-3-3,W10-27-3-4
1245-244,Sund kommune. Sund PPT,Fd,W10-27-3-4,W10-27-3-8
1245-303,Sund kommune. Barne- og familiekontoret,Fa,W10-26-3-4,W10-26-3-4
1245-303,Sund kommune. Barne- og familiekontoret,Fb,W10-26-3-4,W10-26-3-5
1245-303,Sund kommune. Barne- og familiekontoret,Fc,W10-26-3-5,W10-26-3-5
1245-303,Sund kommune. Barne- og familiekontoret,Fd,W10-26-3-5,W10-26-3-5
1245-303,Sund kommune. Barne- og familiekontoret,Fe,W10-26-3-5,W10-26-3-6
1245-303,Sund kommune. Barne- og familiekontoret,Ha,W10-26-3-6,W10-26-3-6
1245-303,Sund kommune. Barne- og familiekontoret,Hb,W10-26-3-6,W10-27-1-1
1245-315.2,Sund kommune. Barnevernstenesta,Fa,W10-27-1-1,W10-27-1-2
1245-315.2,Sund kommune. Barnevernstenesta,Fb,W10-27-1-2,W10-27-1-3
1245-315.2,Sund kommune. Barnevernstenesta,Fc,W10-27-1-3,W10-27-1-4
1245-316,Sund kommune. Barnevernsnemnda,Fa,W10-27-1-4,W10-27-1-4
1245-316,Sund kommune. Barnevernsnemnda,Fb,W10-27-1-4,W10-27-1-4
1246-201,Fjell kommune. Skulekontoret,Hab,W10-28-3-6,W10-28-3-6
1246-201,Fjell kommune. Skulekontoret,Hac,W10-28-3-6,W10-28-3-6
1246-201,Fjell kommune. Skulekontoret,Had,W10-28-3-6,W10-29-1-2
1246-201,Fjell kommune. Skulekontoret,Hb,IKKJE FUNNET,
1246-201,Fjell kommune. Skulekontoret,Hc,IKKJE FUNNET,
1246-201,Fjell kommune. Skulekontoret,Hd,IKKJE FUNNET,
1246-201,Fjell kommune. Skulekontoret,He,IKKJE FUNNET,
1246-201,Fjell kommune. Skulekontoret,Hf,W10-28-3-6,W10-28-3-6
1246-201,Fjell kommune. Skulekontoret,Hg,IKKJE FUNNET,
1246-201,Fjell kommune. Skulekontoret,Hh,Q8-35-3-4,Q8-35-3-4
1246-201,Fjell kommune. Skulekontoret,Hi,Q8-35-3-4,Q8-35-3-4
1246-201,Fjell kommune. Skulekontoret,Haa,W10-28-3-5,W10-28-3-5
1246-231.01,Fjell kommune. Bjorøy skule,Ha,W10-29-1-2,W10-29-1-2
1246-231.01,Fjell kommune. Bjorøy skule,Hb,IKKJE FUNNET,
1246-231.01,Fjell kommune. Bjorøy skule,Hc,IKKJE FUNNET,
1246-231.02,Fjell kommune. Brattholmen skule,Ha,W10-29-1-2,W10-29-1-2
1246-231.03,Fjell kommune. Fjell ungdomsskule,Hab,W10-29-1-3,W10-29-1-5
1246-231.03,Fjell kommune. Fjell ungdomsskule,Haa,W10-29-1-2,W10-29-1-3
1246-231.04,Fjell kommune. Foldnes skule,Haa,W10-29-1-5,W10-29-1-5
1246-231.05,Fjell kommune. Gangstø ressurssenter,Haa,W10-29-1-5,W10-29-1-6
1246-231.07,Fjell kommune. Knappskog skule,Ha,IKKJE FUNNET,
1246-231.08,Fjell kommune. Kolltveit skule,Hab,W10-29-1-6,W10-29-1-6
1246-231.08,Fjell kommune. Kolltveit skule,Haa,W10-29-1-6,W10-29-1-6
1246-231.09,Fjell kommune. Landro skule,Ha,IKKJE FUNNET,
1246-231.10,Fjell kommune. Liljevatnet skule,Hb,IKKJE FUNNET,
1246-231.10,Fjell kommune. Liljevatnet skule,Haa,W10-29-1-6,W10-29-2-1
1246-231.11,Fjell kommune. Skålevik skule,Ha,IKKJE FUNNET,
1246-231.13,Fjell kommune. Ulveset skule,Hab,W10-29-2-1,W10-29-2-1
1246-231.13,Fjell kommune. Ulveset skule,Hac,W10-29-2-1,W10-29-2-1
1246-231.13,Fjell kommune. Ulveset skule,Had,W10-29-2-1,W10-29-2-2
1246-231.13,Fjell kommune. Ulveset skule,Haa,W10-29-2-1,W10-29-2-1
1246-231.14,Fjell kommune. Ågotnes skule,Hba,W10-29-2-2,W10-29-2-3
1246-231.14,Fjell kommune. Ågotnes skule,Hc,IKKJE FUNNET,
1246-231.14,Fjell kommune. Ågotnes skule,Haa,W10-29-2-2,W10-29-2-2
1246-231.16,Fjell kommune. Algrøy skule,Haa,W10-29-2-3,W10-29-2-3
1246-231.17,Fjell kommune. Ekerhovd skule,Hb,IKKJE FUNNET,
1246-231.17,Fjell kommune. Ekerhovd skule,Haa,W10-29-2-3,W10-29-2-3
1246-231.18,Fjell kommune. Fjell skule,Haa,W10-29-2-3,W10-29-2-3
1246-231.20,Fjell kommune. Syltøy skule,Haa,W10-29-2-3,W10-29-2-4
1246-231.21,Fjell kommune. Tellnes skule,Hab,IKKJE FUNNET,
1246-231.21,Fjell kommune. Tellnes skule,Haa,W10-29-2-4,W10-29-2-4
1246-231.22,Fjell kommune. Oppvekstetaten,Ha,Q8-35-3-4,Q8-36-1-3
1246-231.22,Fjell kommune. Oppvekstetaten,Hb,IKKJE FUNNET,
1246-231.24,Fjell kommune. Straume opplæringssenter,Fa,Q8-36-1-3,Q8-36-1-3
1246-241,Fjell kommune. Fjell' Sund og Øygarden Pedagogisk-Psykologisk teneste,Fa,W10-29-2-4,W10-29-2-4
1246-241,Fjell kommune. Fjell' Sund og Øygarden Pedagogisk-Psykologisk teneste,Fb,W10-29-2-4,W10-29-3-2
1246-241.1,Fjell kommune. Fjell Pedagogisk-Psykologisk Teneste,Fa,W10-29-3-2,W10-29-3-3
1246-241.1,Fjell kommune. Fjell Pedagogisk-Psykologisk Teneste,Fb,W10-29-3-3,W10-29-3-7
1246-241.1,Fjell kommune. Fjell Pedagogisk-Psykologisk Teneste,Fc,N30-4-7-1,N30-4-7-5
1246-242.00,Fjell kommune. Ekerhovd oppveksttun,Fa,IKKJE FUNNET,
1246-242.00,Fjell kommune. Ekerhovd oppveksttun,Ha,W10-29-3-7,W10-29-3-7
1246-242.01,Fjell kommune. Bildøy barnehage,Ha,IKKJE FUNNET,
1246-242.03,Fjell kommune. Hamramyra barnehage,Ha,IKKJE FUNNET,
1246-242.04,Fjell kommune. Knappskog barnehage,Ha,IKKJE FUNNET,
1246-242.06,Fjell kommune. Marihøna barnehage,Ha,IKKJE FUNNET,
1246-242.07,Fjell kommune. Straume barnehage,Ha,W10-29-3-7,W10-29-3-7
1246-242.07,Fjell kommune. Straume barnehage,Hb,W10-29-3-7,W10-29-3-7
1246-242.08,Fjell kommune. Svingen barnehage,Ha,W10-29-3-8,W10-29-3-8
1246-242.09,Fjell kommune. Tussetjødna barnehage/Sotraheimen barnehage,Ha,W10-29-3-7,W10-29-3-7
1246-242.09,Fjell kommune. Tussetjødna barnehage/Sotraheimen barnehage,Hb,W10-29-3-8,W10-29-3-8
1246-242.09,Fjell kommune. Tussetjødna barnehage/Sotraheimen barnehage,Hc,IKKJE FUNNET,
1246-242.09,Fjell kommune. Tussetjødna barnehage/Sotraheimen barnehage,Hd,IKKJE FUNNET,
1246-242.10,Fjell kommune. Ulveset barnehage,Ha,W10-29-3-7,W10-29-3-7
1246-242.10,Fjell kommune. Ulveset barnehage,Hb,IKKJE FUNNET,
1246-242.11,Fjell kommune. Ågotnes barnehage,Ha,W10-29-3-7,W10-29-3-7
1246-242.11,Fjell kommune. Ågotnes barnehage,Hb,W10-29-3-8,W10-29-3-8
1246-242.11,Fjell kommune. Ågotnes barnehage,Hc,IKKJE FUNNET,
1246-242.12,Fjell kommune. Spesialpedagogiske barnehage,Ha,W10-29-3-8,W10-29-3-8
1246-315,Fjell kommune. Verjerådet / Barnevernsnemnda,Fa,W10-30-1-5,W10-30-1-5
1246-315,Fjell kommune. Verjerådet / Barnevernsnemnda,Fb,W10-30-1-5,W10-30-1-5
1246-315.1,Fjell kommune. Barneverntenesta,Fa,W10-30-1-5,W10-30-1-5
1246-315.1,Fjell kommune. Barneverntenesta,Fb,W10-30-1-6,W10-30-1-8
1246-315.1,Fjell kommune. Barneverntenesta,Fc,W10-30-1-8,W10-30-2-2
1246-315.1,Fjell kommune. Barneverntenesta,Fd,IKKJE FUNNET,
1246-315.1,Fjell kommune. Barneverntenesta,Fe,IKKJE FUNNET,
1246-315.1,Fjell kommune. Barneverntenesta,Ff,Q8-1-2-3,Q8-1-8-2
1246-315.1,Fjell kommune. Barneverntenesta,Fg,Q8-36-2-8,Q8-36-3-1
1246-315.1,Fjell kommune. Barneverntenesta,Fh,Q8-36-3-1,Q8-36-3-1
1247-201,Askøy kommune. Skulekontoret,Fa,Q8-66-1-1,Q8-66-1-2
1247-201,Askøy kommune. Skulekontoret,Fb,Q8-66-1-2,Q8-66-1-2
1247-201,Askøy kommune. Skulekontoret,Fc,Q8-66-1-2,Q8-66-1-3
1247-201,Askøy kommune. Skulekontoret,Fd,Q8-66-1-3,Q8-66-1-3
1247-201,Askøy kommune. Skulekontoret,Fe,Q8-75-2-5,Q8-75-2-6
1247-201,Askøy kommune. Skulekontoret,Ff,Q8-75-2-6,Q8-75-2-6
1247-201,Askøy kommune. Skulekontoret,Hab,Q8-73-2-6,Q8-73-3-2
1247-201,Askøy kommune. Skulekontoret,Hac,Q8-73-3-2,Q8-73-3-4
1247-201,Askøy kommune. Skulekontoret,Had,Q8-73-3-4,Q8-74-1-1
1247-201,Askøy kommune. Skulekontoret,Hae,Q8-66-1-3,Q8-66-2-1
1247-201,Askøy kommune. Skulekontoret,Haf,Q8-66-2-1,Q8-66-2-1
1247-201,Askøy kommune. Skulekontoret,Hag,Q8-75-2-6,Q8-75-2-6
1247-201,Askøy kommune. Skulekontoret,Hba,Q8-66-2-1,Q8-66-2-1
1247-201,Askøy kommune. Skulekontoret,Haa,Q8-73-2-6,Q8-73-2-6
1247-231.01,Askøy kommune. Davanger skole,Ha,Q8-66-2-3,Q8-66-2-3
1247-231.01,Askøy kommune. Davanger skole,Hb,Q8-66-2-3,Q8-66-2-3
1247-231.02,Askøy kommune. Erdal barneskole,Ha,Q8-66-2-4,Q8-66-2-4
1247-231.03,Askøy kommune. Erdal ungdomsskole,Ha,Q8-66-2-5,Q8-66-2-6
1247-231.04,Askøy kommune. Fauskanger barne- og ungdomsskole,Ha,Q8-67-1-1,Q8-67-1-1
1247-231.04,Askøy kommune. Fauskanger barne- og ungdomsskole,Hb,Q8-67-1-1,Q8-67-1-2
1247-231.04,Askøy kommune. Fauskanger barne- og ungdomsskole,Hc,Q8-67-1-2,Q8-67-1-3
1247-231.04,Askøy kommune. Fauskanger barne- og ungdomsskole,Hd,Q8-67-1-3,Q8-67-1-3
1247-231.05,Askøy kommune. Florvåg skole,Ha,Q8-67-1-4,Q8-67-1-4
1247-231.06,Askøy kommune. Follese skole,Ha,Q8-67-1-5,Q8-67-1-5
1247-231.07,Askøy kommune. Hanøy skole,Ha,Q8-67-1-5,Q8-67-1-6
1247-231.08,Askøy kommune. Haugland skole,Ha,Q8-67-1-6,Q8-67-2-1
1247-231.09,Askøy kommune. Hetlevik skole,Ha,Q8-67-2-1,Q8-67-2-1
1247-231.10,Askøy kommune. Hop skole,Ha,Q8-67-2-2,Q8-67-2-2
1247-231.11,Askøy kommune. Kleppe skole,Ha,Q8-67-2-3,Q8-67-2-3
1247-231.12,Askøy kommune. Kleppestø barneskole,Ha,Q8-67-2-4,Q8-67-2-4
1247-231.13,Askøy kommune. Kleppestø ungdomsskole,Ha,Q8-67-2-5,Q8-67-2-5
1247-231.14,Askøy kommune. Ravnanger ungdomsskole,Ha,Q8-68-2-3,Q8-69-1-1
1247-231.14,Askøy kommune. Kleppestø ungdomsskole,Hb,Q8-67-2-5,Q8-67-3-2
1247-231.14,Askøy kommune. Ravnanger ungdomsskole,Hb,Q8-69-1-1,Q8-69-1-1
1247-231.15,Askøy kommune. Strusshamn skole,Ha,Q8-69-1-2,Q8-69-1-3
1247-231.15,Askøy kommune. Kleppestø ungdomsskole,Hc,Q8-67-3-2,Q8-68-2-1
1247-231.16,Askøy kommune. Træet skole,Ha,Q8-69-1-3,Q8-69-1-3
1247-231.17,Askøy kommune. Tveit skole,Ha,Q8-69-1-4,Q8-69-1-5
1247-231.18,Askøy kommune. Furuly skole,Ha,IKKJE FUNNET,
1247-231.18,Askøy kommune. Furuly skole,Hb,Q8-69-1-5,Q8-69-1-5
1247-231.18,Askøy kommune. Furuly skole,Hc,Q8-69-1-5,Q8-69-1-6
1247-231.18,Askøy kommune. Furuly skole,Hd,Q8-69-1-6,Q8-69-2-2
1247-231.20,Askøy kommune. Florvåg Ungdomsskole,Ha,Q8-69-2-3,Q8-69-2-5
1247-231.21,Askøy kommune. Florvåg Ungdomsskole,Hb,Q8-69-2-5,Q8-69-2-5
1247-231.22,Askøy kommune. Florvåg Ungdomsskole,Hc,Q8-69-2-5,Q8-69-2-6
1247-241,Askøy kommune. Askøy PPT,Fa,Q8-74-1-1,Q8-74-1-5
1247-241,Askøy kommune. Askøy PPT,Fb,Q8-74-1-5,Q8-74-2-1
1247-241,Askøy kommune. Askøy PPT,Fc,Q8-74-2-1,Q8-74-2-5
1247-241,Askøy kommune. Askøy PPT,Fd,Q8-74-2-5,Q8-74-3-3
1247-241,Askøy kommune. Askøy PPT 63-77,Fe,Q8-74-3-3,Q8-74-3-4
1247-241,Askøy kommune. Askøy PPT 1-62,Fe,Q8-82-3-3,Q8-83-1-2
1247-241,Askøy kommune. Askøy PPT,Ff,Q8-74-3-4,Q8-74-3-4
1247-241,Askøy kommune. Askøy PPT,Fg,Q8-38-1-4,Q8-38-2-1
1247-242,Askøy kommune. Fagavdeling barnehage,Fa,Q8-72-1-1,Q8-72-1-2
1247-242,Askøy kommune. Fagavdeling barnehage,Fb,Q8-72-1-2,Q8-72-1-2
1247-242,Askøy kommune. Fagavdeling barnehage,Fc,Q8-75-2-6,Q8-75-2-6
1247-242,Askøy kommune. Fagavdeling barnehage,Fd,IKKJE FUNNET,
1247-242.01,Askøy kommune. Ask barnehage,Fa,Q8-72-1-2,Q8-72-1-2
1247-242.01,Askøy kommune. Ask barnehage,Fb,Q8-72-1-3,Q8-72-1-3
1247-242.01,Askøy kommune. Ask barnehage,Fc,Q8-72-1-3,Q8-72-1-3
1247-242.01,Askøy kommune. Ask barnehage,Fd,Q8-65-3-6,Q8-65-3-6
1247-242.02,Askøy kommune. Erdal barnehage,Fa,Q8-72-1-3,Q8-72-1-4
1247-242.02,Askøy kommune. Erdal barnehage,Fb,Q8-72-1-4,Q8-72-1-4
1247-242.03,Askøy kommune. Florvåg barnehage,Fa,Q8-72-1-4,Q8-72-1-4
1247-242.03,Askøy kommune. Florvåg barnehage,Fb,Q8-72-1-5,Q8-72-1-5
1247-242.04,Askøy kommune. Furuly barnehage,Fa,Q8-72-1-5,Q8-72-1-6
1247-242.04,Askøy kommune. Furuly barnehage,Fb,Q8-72-1-6,Q8-72-1-6
1247-242.05,Askøy kommune. Hanøy - Forum barnehage,Fa,Q8-72-1-6,Q8-72-1-6
1247-242.05,Askøy kommune. Hanøy - Forum barnehage,Fb,Q8-65-3-4,Q8-65-3-5
1247-242.05,Askøy kommune. Hanøy - Forum barnehage,Fc,Q8-65-3-5,Q8-65-3-6
1247-242.06,Askøy kommune. Kleppestø barnehage,Fa,Q8-72-1-6,Q8-72-1-6
1247-242.06,Askøy kommune. Kleppestø barnehage,Fb,Q8-72-1-6,Q8-72-2-1
1247-242.07,Askøy kommune. Ramsøy barnehage,Fa,Q8-72-2-1,Q8-72-2-1
1247-242.07,Askøy kommune. Ramsøy barnehage,Fb,Q8-65-3-6,Q8-65-3-6
1247-242.08,Askøy kommune. Træet barnehage,Fa,Q8-72-2-1,Q8-72-2-1
1247-242.09,Askøy kommune. Tveit barnehage,Fa,Q8-72-2-1,Q8-72-2-2
1247-242.09,Askøy kommune. Tveit barnehage,Fb,Q8-72-2-2,Q8-72-2-2
1247-242.11,Askøy kommune. Bakarvågen barnehage,Fa,Q8-72-2-2,Q8-72-2-3
1247-242.12,Askøy kommune. Læringsverkstedet Du og Jeg Nord,Fa,Q8-69-2-5,Q8-69-2-6
1247-242.12,Askøy kommune. Læringsverkstedet Du og Jeg Nord,Fb,Q8-69-2-6,Q8-69-2-6
1247-315,Askøy kommune. Barnevernet,Fa,Q8-75-1-5,Q8-75-1-6
1247-315.1,Askøy kommune. Barnevernet,Fa,Q8-75-1-6,Q8-75-2-2
1247-315.1,Askøy kommune. Barnevernet,Fb,Q8-75-2-2,Q8-75-2-4
1247-315.1,Askøy kommune. Barnevernet,Fd,Q8-82-1-2,Q8-82-3-2
1247-315.1,Askøy kommune. Barnevernet,Fda,Q8-80-3-2,Q8-80-3-4
1247-315.1,Askøy kommune. Barnevernet,Fdb,Q8-80-3-4,Q8-80-3-5
1247-315.1,Askøy kommune. Barnevernet,Fdc,Q8-80-3-5,Q8-80-3-6
1247-315.1,Askøy kommune. Barnevernet,Fdd,Q8-80-3-6,Q8-81-1-6
1247-315.1,Askøy kommune. Barnevernet,Fde,Q8-81-2-1,Q8-82-1-2
1247-315.1,Askøy kommune. Barnevernet,Fe,Q8-82-3-2,Q8-82-3-3
1251b-201,Vaksdal kommune. Skulekontoret ,Fa,Q8-86-1-3,Q8-86-1-3
1251b-201,Vaksdal kommune. Skulekontoret,Fb,IKKJE FUNNET,
1251b-201,Vaksdal kommune. Skulekontoret,Fc,Q7-2-10-4,Q7-2-10-4
1251b-201,Vaksdal kommune. Skulekontoret,Fd,Q8-48-3-1,Q8-48-3-3
1251b-231.01,Vaksdal kommune. Dale barne- og ungdomsskule,Ha,IKKJE FUNNET,
1251b-231.01,Vaksdal kommune. Dale barne- og ungdomsskule,Hb,Q7-2-10-4,Q7-2-10-4
1251b-231.01,Vaksdal kommune. Dale barne- og ungdomsskule,Hc,IKKJE FUNNET,
1251b-231.01,Vaksdal kommune. Dale barne- og ungdomsskule,Hd,Q8-47-1-6,Q8-47-2-1
1251b-231.01,Vaksdal kommune. Dale barne- og ungdomsskule,He,Q8-47-2-1,Q8-47-2-4
1251b-231.01,Vaksdal kommune. Dale barne- og ungdomsskule,Hf,Q8-47-2-4,Q8-47-2-5
1251b-231.04,Vaksdal kommune. Eidslandet skule,Ha,Q7-2-10-4,Q7-2-10-4
1251b-231.05,Vaksdal kommune. Eksingedalen barne- og ungdomsskule,Ha,Wa-2-6-5,Wa-2-6-5
1251b-231.05,Vaksdal kommune. Eksingedalen barne- og ungdomsskule,Hb,Q7-2-10-4,Q7-2-10-4
1251b-231.05,Vaksdal kommune. Eksingedalen barne- og ungdomsskule,Hc,Q8-48-3-3,Q8-48-3-4
1251b-231.06,Vaksdal kommune. Stamnes skule,Ha,Q7-2-11-1,Q7-2-11-1
1251b-231.07,Vaksdal kommune. Stanghelle skule,Fa,Q8-48-3-4,Q8-48-3-4
1251b-241,Vaksdal kommune. Modalen' Samnanger og Vaksdal PPT,Fa,Q7-2-11-1,Q7-2-11-2
1251b-241,Vaksdal kommune. Modalen' Samnanger og Vaksdal PPT (Merka Fa- brune),Fb,Q8-86-1-5,Q8-86-1-5
1251b-241,Vaksdal kommune. Modalen' Samnanger og Vaksdal PPT,Fc,Q7-2-11-2,Q7-2-11-3
1251b-241,Vaksdal kommune. Modalen' Samnanger og Vaksdal PPT,Fd,Wa-2-6-5,Wa-2-7-2
1251b-241,Vaksdal kommune. Modalen' Samnanger og Vaksdal PPT,Fe,Q8-48-3-4,Q8-48-4-3
1251b-242.01,Vaksdal kommune. Dale barnehage,Fa,Wa-2-7-3,Wa-2-7-3
1251b-242.02,Vaksdal kommune. Stamnes barnehage,Fa,Q8-47-4-4,Q8-47-4-4
1251b-242.02,Vaksdal kommune. Stamnes barnehage,Fa,Wa-2-7-3,Wa-2-7-3
1251b-242.03,Vaksdal kommune. Stanghelle barnehage,Fa,Wa-2-7-3,Wa-2-7-3
1251b-242.04,Vaksdal kommune. Vaksdal barnehage,Fa,Wa-2-7-2,Wa-2-7-3
1251b-267,Vaksdal skulekontor(?),Fda,Q8-47-4-4,Q8-47-4-5
1251b-267,Vaksdal skulekontor(?),Fdb,Q8-47-4-5,Q8-47-4-6
1251b-315.1,Vaksdal kommune. Barnevernet,Fa,Q8-86-1-4,Q8-86-1-6
1251b-315.1,Vaksdal kommune. Barnevernet,Fb,IKKJE FUNNET,
1251b-315.1,Vaksdal kommune. Barnevernet,Fc,Wa-2-6-3,Wa-2-6-5
1251b-315.1,Vaksdal kommune. Barnevernet,Fd,Q8-48-1-5,Q8-48-1-6
1252-211.1,Modalen kommune. Skulekontoret,Ha,Q8-34-1-4,Q8-34-1-4
1252-211.1,Modalen kommune. Skulekontoret,Hb,Q8-34-1-4,Q8-34-1-4
1252-231.01,Modalen kommune. Mo barne- og ungdomsskule,Ha,Q8-34-1-4,Q8-34-1-4
1252-231.01,Modalen kommune. Mo barne- og ungdomsskule,Hb,Q8-34-1-4,Q8-34-1-5
1252-231.01,Modalen kommune. Mo barne- og ungdomsskule,Hc,Q8-34-1-5,Q8-34-1-5
1252-231.01,Modalen kommune. Mo barne- og ungdomsskule,Hd,Q8-34-1-5,Q8-34-1-6
1252-241,Modalen kommune. Modalen PPT,Fa,W9-86-1-2,W9-86-1-2
1252-242,Modalen kommune. Modalen barnehage,Fa,Q8-34-1-7,Q8-34-1-7
1252-242,Modalen kommune. Modalen barnehage,Fb,W9-86-1-3,W9-86-1-3
1252-242,Modalen kommune. Modalen barnehage,Fc,W9-86-1-3,W9-86-1-3
1252-315,Modalen kommune. Barnevernet,Fa,Q8-34-2-1,Q8-34-2-1
1252-316,Modalen kommune. Barnevernet,Fb,W9-86-2-1,W9-86-2-1
1253b-201,Osterøy kommune. Skulekontoret,Ha,Q8-8-2-2,Q8-8-2-2
1253b-201.1,Osterøy kommune. Osterøy oppvekst og kultur,Ha,Q8-8-2-6,Q8-8-2-7
1253b-201.1,Osterøy kommune. Osterøy oppvekst og kultur (boks 1-7),Hba,Q8-11-1-5,Q8-11-1-5
1253b-201.1,Osterøy kommune. Osterøy oppvekst og kultur (boks 8-15),Hba,Q8-7-3-5,Q8-7-3-5
1253b-201.1,Osterøy kommune. Osterøy oppvekst og kultur,Hbb,Q8-7-3-6,Q8-7-3-6
1253b-201.1,Osterøy kommune. Osterøy oppvekst og kultur,Hc,Q8-11-2-6,Q8-11-2-7
1253b-201.1,Osterøy kommune. Osterøy oppvekst og kultur,Hd,Q8-11-2-7,Q8-11-2-8
1253b-231.01,Osterøy kommune. Bruvik skule,Ha,Q8-8-2-7,Q8-8-2-7
1253b-231.01,Osterøy kommune. Bruvik skule,Hb,Q8-7-3-6,Q8-7-3-6
1253b-231.01,Osterøy kommune. Bruvik skule,Hc,Q8-11-2-8,Q8-11-2-8
1253b-231.02,Osterøy kommune. Bysheim skule,Ha,Q8-8-3-2,Q8-8-3-2
1253b-231.02,Osterøy kommune. Bysheim skule,Hb,Q8-8-3-2,Q8-8-3-2
1253b-231.03,Osterøy kommune. Fotlandsvåg skule,Ha,Q8-8-2-7,Q8-8-2-7
1253b-231.03,Osterøy kommune. Fotlandsvåg skule,Hb,Q8-7-3-6,Q8-7-3-7
1253b-231.03,Osterøy kommune. Fotlandsvåg skule,Hc,Q8-11-3-1,Q8-11-3-1
1253b-231.04,Osterøy kommune. Hamre skule,Ha,Q8-7-3-7,Q8-7-3-7
1253b-231.04,Osterøy kommune. Hamre skule,Hb,Q8-7-3-4,Q8-7-3-4
1253b-231.05,Osterøy kommune. Hauge skule,Ha,Q8-7-3-7,Q8-7-3-7
1253b-231.05,Osterøy kommune. Hauge skule,Hb,Q8-11-3-1,Q8-11-3-3
1253b-231.06,Osterøy kommune. Haus skule,Ha,Q8-8-3-2,Q8-8-3-2
1253b-231.06,Osterøy kommune. Haus skule,Hb,Q8-7-3-7,Q8-8-1-1
1253b-231.06,Osterøy kommune. Haus skule,Hc,Q8-11-3-3,Q8-11-3-4
1253b-231.07,Osterøy kommune. Hjellvik skule,Ha,Q8-8-3-2,Q8-8-3-2
1253b-231.07,Osterøy kommune. Hjellvik skule,Hb,Q8-8-1-2,Q8-8-1-2
1253b-231.07,Osterøy kommune. Hjellvik skule,Hc,Q8-11-3-5,Q8-11-3-5
1253b-231.08,Osterøy kommune. Lonevåg skule,Ha,Q8-8-3-2,Q8-8-3-2
1253b-231.08,Osterøy kommune. Lonevåg skule,Hb,Q8-8-1-2,Q8-8-1-3
1253b-231.08,Osterøy kommune. Lonevåg skule,Hc,Q8-11-3-5,Q8-11-3-5
1253b-231.08,Osterøy kommune. Lonevåg skule,Hc,Q8-11-3-7,Q8-11-3-7
1253b-231.09,Osterøy kommune. Mjøsdalen skule,Fl,Q8-8-3-8,Q8-8-3-8
1253b-231.09,Osterøy kommune. Mjøsdalen skule,Ha,Q8-8-3-2,Q8-8-3-2
1253b-231.10,Osterøy kommune. Osterøy ungdomsskule,Ha,Q8-8-1-3,Q8-8-1-3
1253b-231.10,Osterøy kommune. Osterøy ungdomsskule,Hb,Q8-8-3-2,Q8-8-3-3
1253b-231.10,Osterøy kommune. Osterøy ungdomsskule,Hc,Q8-11-3-5,Q8-11-3-6
1253b-231.12,Osterøy kommune. Seljerinden skule,Ha,Q8-8-3-3,Q8-8-3-3
1253b-231.12,Osterøy kommune. Seljerinden skule,Hb,Q8-11-3-6,Q8-11-3-6
1253b-231.13,Osterøy kommune. Valestrand skule,Ha,Q8-8-3-3,Q8-8-3-3
1253b-231.13,Osterøy kommune. Valestrand skule,Hb,Q8-11-3-6,Q8-11-3-7
1253b-231.14,Osterøy kommune. Votlo skule,Ha,Q8-8-3-3,Q8-8-3-3
1253b-231.14,Osterøy kommune. Votlo skule,Hb,Q8-7-3-4,Q8-7-3-4
1253b-241,Osterøy kommune. Osterøy PPT,Fa,Q8-8-2-7,Q8-8-3-2
1253b-241,Osterøy kommune. Osterøy PPT,Fb,Q8-8-1-3,Q8-8-1-5
1253b-241,Osterøy kommune. Osterøy PPT,Fc,Q8-8-3-8,Q8-9-1-8
1253b-241,Osterøy kommune. Osterøy PPT,Fd,Q8-11-1-5,Q8-11-1-8
1253b-242.01,Osterøy kommune. Valestrand barnehage,Fa,Q8-8-3-3,Q8-8-3-4
1253b-242.01,Osterøy kommune. Valestrand barnehage,Fb,Q8-8-1-6,Q8-8-1-6
1253b-242.01,Osterøy kommune. Valestrand barnehage,Fc,Q8-11-1-8,Q8-11-1-8
1253b-242.02,Osterøy kommune. Fotlandsvåg barnehage,Fa,Q8-11-1-8,Q8-11-2-1
1253b-242.03,Osterøy kommune. Hauge barnehage,Fa,Q8-11-2-1,Q8-11-2-1
1253b-242.04,Osterøy kommune Haus barnehage,Fa,Q8-11-2-1,Q8-11-2-2
1253b-242.05,Osterøy kommune. Mjøsdalen barnehage,Fa,Q8-11-2-2,Q8-11-2-2
1253b-242.06,Osterøy kommune Lonevåg barnehage,Fa,Q8-11-3-7,Q8-12-1-2
1253b-242.07,Osterøy kommune. Hamre barnehage,Fa,Q8-7-3-4,Q8-7-3-4
1253b-315.1,Osterøy kommune. Barneverntenesta,Fa,Q8-8-2-4,Q8-8-2-6
1253b-315.1,Osterøy kommune. Barneverntenesta,Fb,Q8-8-1-7,Q8-8-2-2
1253b-315.1,Osterøy kommune. Barneverntenesta,Fca,Q8-10-3-8,Q8-11-1-4
1253b-315.1,Osterøy kommune. Barneverntenesta,Fcb,Q8-11-1-4,Q8-11-1-4
1253b-315.1,Osterøy kommune. Barneverntenesta,Fcc,Q8-11-1-4,Q8-11-1-5
1253b-315.1,Osterøy kommune. Barneverntenesta,Fcd,Q8-11-1-5,Q8-11-1-5
1253b-315.1,Osterøy kommune. Barneverntenesta,Fce,Q8-11-1-5,Q8-11-1-5
1253b-315.1,Osterøy kommune. Barneverntenesta,Fcf,Q8-11-2-4,Q8-11-2-5
1256-201,Meland Kommune. Kultur og oppvekst/ Grasdal skule,Fc,U2-32-1-6,U2-32-1-7
1256-201,Meland kommune. Skulekontoret,Ha,IKKJE FUNNET,
1256-201,Meland kommune. Skulekontoret,Hb,U2-31-2-6,U2-31-2-6
1256-201,Meland kommune. Skulekontoret,Hc,U2-31-2-7,U2-31-2-7
1256-201,Meland kommune. Skulekontoret,Hd,U2-31-3-1,U2-31-3-1
1256-201,Meland kommune. Skulekontoret,He,IKKJE FUNNET,
1256-201,Meland kommune. Skulekontoret,Hf,U2-33-2-5,U2-33-3-1
1256-231.01,Meland kommune. Meland ungdomsskule,Ha,U2-31-2-1,U2-31-2-2
1256-231.01,Meland kommune. Meland ungdomsskule,Hb,U2-31-2-7,U2-31-2-8
1256-231.01,Meland kommune. Meland ungdomsskule,Hc,U2-31-2-8,U2-31-2-8
1256-231.01,Meland kommune. Meland ungdomsskule,Hd,U2-31-3-2,U2-31-3-3
1256-231.01,Meland kommune. Meland ungdomsskule,He,U2-32-1-5,U2-32-1-6
1256-231.01,Meland kommune. Meland ungdomsskule (boks 21-41 ligg i kasse ved reol 13-14),Hf,N30-6-5-4,N30-6-5-6
1256-231.02,Meland kommune. Rossland skule,Ha,U2-31-2-1,U2-31-2-1
1256-231.02,Meland kommune. Rossland skule,Hb,U2-31-3-2,U2-31-3-2
1256-231.02,Meland kommune. Rossland skule,Hc,U2-32-1-4,U2-32-1-5
1256-231.02,Meland kommune. Rossland skule,Hd,U2-31-2-6,U2-31-2-6
1256-231.03,Meland kommune. Sagstad skule,Ha,U2-31-3-2,U2-31-3-2
1256-241,Meland kommune. Meland PPT,Fa,U2-32-1-3,U2-32-1-4
1256-241,Meland kommune. Meland PPT,Fb,U2-32-3-4,U2-33-2-1
1256-241,Meland kommune. Meland PPT,Fc,U2-33-2-3,U2-33-2-3
1256-241,Meland kommune. Meland PPT,Fd,U2-33-2-4,U2-33-2-4
1256-242,Meland Kommune. Kultur og oppvekst/ barnehage,Fa,U2-32-1-7,U2-32-1-7
1256-242.01,Meland kommune. Fløksand barnehage,Fa,U2-31-3-3,U2-31-3-3
1256-242.02,Meland kommune. Grasdal barnehage,Fa,U2-31-3-3,U2-31-3-3
1256-242.03,Meland kommune. Marihøna barnehage,Fa,U2-31-3-3,U2-31-3-3
1256-242.03,Meland kommune. Marihøna barnehage,Fb,U2-33-2-5,U2-33-2-5
1256-242.03,Meland kommune. Marihøna barnehage,Fc,IKKJE FUNNET,
1256-242.04,Meland kommune. Triangel barnehage,Fa,U2-31-3-3,U2-31-3-3
1256-242.05,Meland kommune. Kulturbarnehagen,Fa,IKKJE FUNNET,
1256-242.06,Meland kommune. Barnehagar,Fa,U2-33-2-4,U2-33-2-5
1256-242.06,Meland kommune. Barnehagar,Fb,U2-33-2-2,U2-33-2-2
1256-242.06,Meland kommune. Barnehagar,Fc,U2-33-2-2,U2-33-2-2
1256-242.06,Meland kommune. Barnehagar,Fd,U2-33-2-5,U2-33-2-5
1256-242.06,Meland kommune. Barnehagar,Fe,IKKJE FUNNET,
1256-267,Meland Voksenopplæring,Ha,U2-33-2-2,U2-33-2-2
1256-315,Meland barnevern,Fa,U2-32-2-3,U2-32-2-4
1256-315.01,Meland kommune. Nordhordland interkommunale barnevern,Fa,U2-32-2-4,U2-32-2-4
1256-315.02,Meland kommune. Barneverntenesta,Fa,U2-34-2-4,U2-34-3-2
1256-315.02,Meland kommune. Barneverntenesta,Fb,U2-34-3-2,U2-35-1-4
1256-315.02,Meland kommune. Barneverntenesta,Fc,U2-35-1-4,U2-35-1-5
1256-315.02,Meland kommune. Barneverntenesta,Fd,U2-35-1-5,U2-35-1-5
1256-315.02,Meland kommune. Barneverntenesta,Fea,U2-35-1-5,U2-35-1-5
1256-315.02,Meland kommune. Barneverntenesta,Feb,U2-35-1-5,U2-35-1-5
1256-315.02,Meland kommune. Barneverntenesta,Fec,U2-35-1-6,U2-35-2-2
1256-315.02,Meland kommune. Barneverntenesta,Fed,U2-35-2-2,U2-35-2-2
1256-315.02,Meland kommune. Barneverntenesta,Fee,U2-35-2-2,U2-35-2-3
1256-315.02,Meland kommune. Barneverntenesta,Fef,U2-35-2-3,U2-35-2-3
1256-315.02,Meland kommune. Barneverntenesta,Ff,U2-31-2-7,U2-31-2-7
1256-315.02,Meland kommune. Barneverntenesta,Fg,U2-31-3-1,U2-31-3-1
1256-315.02,Meland kommune. Barneverntenesta,Fh,U2-31-3-4,U2-31-3-5
1256-315.02,Meland kommune. Barneverntenesta,Fi,IKKJE FUNNET,
1256-315.02,Meland kommune. Barneverntenesta,Fj,IKKJE FUNNET,
1259b-201,Øygarden kommune. Skulekontoret,Ha,Vogn 9,
1259b-201,Øygarden kommune. Skulekontoret,Hb,Vogn 9,
1259b-201,Øygarden kommune. Skulekontoret,Hc,Vogn 9,
1259b-231.01,Øygarden kommune. Alvheim skule,Ha,Vogn 9,
1259b-231.02,Øygarden kommune. Bakken skule (merka Fa- brune),Ha,Vogn 9,
1259b-231.03,Øygarden kommune. Blomvåg skule,Ha,Vogn 9,
1259b-231.04,Øygarden kommune. Rong skule,Ha,Vogn 9,Vogn 10
1259b-231.06,Øygarden kommune. Toftøy skule,Ha,Vogn 10,
1259b-231.07,Øygarden kommune. Øygarden ungdomsskule,Ha,Vogn 10,Vogn 12
1259b-241,Øygarden kommune. Øygarden PPT,Fa,Vogn 12,Vogn 14
1259b-242.01,Øygarden kommune. Breivik barnehage,Fa,Vogn 14,
1259b-242.02,Øygarden kommune. Skjergardsheimen barnehage,Fa,Vogn 14,
1259b-242.03,Øygarden kommune. Terna barnehage,Fa,Vogn 14,
1259b-242.04,Øygarden kommune. Tjeldstø barnehage,Fa,Vogn 14,
1259b-315,Øygarden kommune. Barnevernet,Fa,Vogn 14,
1259b-315,Øygarden kommune. Barnevernet,Fb,Vogn 14,Vogn 15
1259b-315,Øygarden kommune. Barnevernet,Fc,Vogn 15,
1259b-315,Øygarden kommune. Barnevernet,Fd,Vogn 15,
1259b-315,Øygarden kommune. Barnevernet,Fe,Vogn 15,
1260b-201,Radøy kommune. Skulekontoret,Ha,U2-19-3-5,U2-19-3-5
1260b-201,Radøy kommune. Skulekontoret,Hb,U2-19-3-7,U2-19-3-7
1260b-201,Radøy kommune. Skulekontoret,HC,U2-19-3-8,U2-20-1-1
1260b-201,Radøy kommune. Skulekontoret,Hd,Q8-43-2-4,Q8-43-3-4
1260b-201,Radøy kommune. Skulekontoret,He,Q8-43-3-4,Q8-43-3-4
1260b-231.01,Radøy kommune. Manger skule,Ha,U2-20-1-1,U2-20-1-1
1260b-231.02,Radøy kommune. Radøy ungdomsskule,Ha,U2-19-3-6,U2-19-3-6
1260b-231.02,Radøy kommune. Radøy ungdomsskule,Hb,U2-19-3-6,U2-19-3-6
1260b-231.02,Radøy kommune. Radøy ungdomsskule,Hc,U2-19-3-7,U2-19-3-7
1260b-231.02,Radøy kommune. Radøy ungdomsskule,Hd,U2-20-1-1,U2-20-1-1
1260b-231.02,Radøy kommune. Radøy ungdomsskule,He,U2-20-2-2,U2-20-2-6
1260b-241,Radøy kommune. Radøy PPT,Fa,Q7-70-3-4,Q7-70-3-5
1260b-241,Radøy kommune. Radøy PPT,Fb,Q7-70-2-2,Q7-70-3-3
1260b-242.01,Radøy kommune. Prestmarka barnehage,Fa,U2-20-1-1,U2-20-1-1
1260b-242.02,Radøy kommune. Sæbø og Dale barnehage,Fa,U2-19-3-5,U2-19-3-5
1260b-242.03,Radøy kommune. Barnehagane i Radøy (barn og elev),Fa,Q8-43-1-6,Q8-43-1-8
1260b-315.1,Radøy kommune. Barnevernet,Fa,IKKJE FUNNET,
1260b-315.1,Radøy kommune. Barnevernet,Fb,U2-20-1-3,U2-20-1-4
1260b-315.1,Radøy kommune. Barnevernet,Fc,U2-19-3-3,U2-19-3-5
1260b-315.1,Radøy kommune. Barnevernet,Fd,Q7-70-3-3,Q7-71-1-6
1260b-315.1,Radøy kommune. Barnevernet,Fe,Q7-71-1-6,Q7-71-2-4
1263-201,Lindås kommune. Skulekontoret,Ha,U2-21-3-7,U2-21-3-8
1263-201,Lindås kommune. Skulekontoret,Hb,U2-22-2-1,U2-22-2-2
1263-201,Lindås kommune. Skulekontoret,Hc,U2-22-3-3,U2-22-3-3
1263-201,Lindås kommune. Skulekontoret,Hd,IKKJE FUNNET,
1263-201,Lindås kommune. Skulekontoret,He,U2-25-2-2,U2-25-2-3
1263-201,Lindås kommune. Skulekontoret,Hf,U2-21-3-1,U2-21-3-7
1263-231.02,Lindås kommune. Lindås ungdomsskule,Ha,U2-21-3-8,U2-21-3-8
1263-231.02,Lindås kommune. Lindås ungdomsskule,Hb,U2-24-1-5,U2-24-1-5
1263-231.02,Lindås kommune. Lindås ungdomsskule,Hc,U2-25-3-2,U2-25-3-2
1263-231.02,Lindås kommune. Lindås ungdomsskule,Hd,U2-26-1-1,U2-26-1-1
1263-231.03,Lindås kommune. Alversund skule,Ha,U2-22-2-2,U2-22-2-2
1263-231.03,Lindås kommune. Alversund skule,Hb,U2-25-1-6,U2-25-1-6
1263-231.03,Lindås kommune. Alversund skule,Hc,U2-27-2-2,U2-27-2-6
1263-231.03,Lindås kommune. Alversund skule,Hd,U2-27-2-6,U2-27-2-7
1263-231.03,Lindås kommune. Alversund skule,He,U2-27-2-2,U2-27-2-2
1263-231.04,Lindås kommune. Alversund ungdomsskule,Ha,U2-22-1-1,U2-22-1-2
1263-231.04,Lindås kommune. Alversund ungdomsskule,Hb,U2-21-3-8,U2-22-1-1
1263-231.04,Lindås kommune. Alversund ungdomsskule,Hc,U2-24-1-7,U2-24-1-8
1263-231.04,Lindås kommune. Alversund ungdomsskule,Hd,U2-26-1-1,U2-26-1-3
1263-231.04,Lindås kommune. Alversund ungdomsskule,He,U2-22-3-3,U2-22-3-4
1263-231.05,Lindås kommune. Eikanger skule,Ha,U2-26-1-1,U2-26-1-1
1263-231.06,Lindås kommune. Festo skule,Ha,U2-24-1-5,U2-24-1-5
1263-231.06,Lindås kommune. Festo skule,Hb,U2-26-1-4,U2-26-1-4
1263-231.07,Lindås kommune. Kløvheim skule,Ha,U2-26-1-4,U2-26-1-4
1263-231.08,Lindås kommune. Knarvik barneskule,Ha,U2-26-1-3,U2-26-1-3
1263-231.09,Lindås kommune. Knarvik ungdomsskule,Ha,U2-24-1-5,U2-24-1-6
1263-231.09,Lindås kommune. Knarvik ungdomsskule,Hb,U2-25-1-6,U2-25-2-2
1263-231.09,Lindås kommune. Knarvik ungdomsskule,Hc,U2-25-3-7,U2-26-1-1
1263-231.09,Lindås kommune. Knarvik ungdomsskule,Hd,N30-6-1-4,N30-6-3-3
1263-231.09,Lindås kommune. Knarvik ungdomsskule,He,N30-6-3-3,N30-6-3-4
1263-231.10,Lindås kommune. Leiknes skule,Ha,U2-26-1-1,U2-26-1-1
1263-231.11,Lindås kommune. Lindås læringssenter,Ha,U2-25-2-8,U2-25-3-2
1263-231.12,Lindås kommune. Myking skule,Ha,U2-26-1-1,U2-26-1-1
1263-231.14,Lindås kommune. Ostereide barneskule,Ha,U2-26-1-3,U2-26-1-3
1263-231.14,Lindås kommune. Ostereide barneskule,Hb,U2-25-2-8,U2-25-2-8
1263-231.15,Lindås kommune. Ostereide ungdomsskule,Ha,U2-26-1-3,U2-26-1-3
1263-231.15,Lindås kommune. Ostereide ungdomsskule,Hb,U2-24-1-4,U2-24-1-5
1263-231.16,Lindås kommune. Seim skule,Ha,U2-26-1-1,U2-26-1-1
1263-231.17,Lindås kommune. Skodvin skule,Ha,U2-25-2-3,U2-25-2-3
1263-231.17,Lindås kommune. Skodvin skule,Hb,U2-26-1-1,U2-26-1-1
1263-241,Lindås kommune. Meland' Austrheim' Lindås' Radøy' Fedje og Masfjorden PPT,Fab,U2-22-2-4,U2-22-2-4
1263-241,Lindås kommune. Meland' Austrheim' Lindås' Radøy' Fedje og Masfjorden PPT,Fac,U2-22-2-4,U2-22-2-5
1263-241,Lindås kommune. Meland' Austrheim' Lindås' Radøy' Fedje og Masfjorden PPT,Fad,U2-22-2-5,U2-22-2-5
1263-241,Lindås kommune. Meland' Austrheim' Lindås' Radøy' Fedje og Masfjorden PPT,Fae,U2-22-2-5,U2-22-2-5
1263-241,Lindås kommune. Meland' Austrheim' Lindås' Radøy' Fedje og Masfjorden PPT,Faf,U2-22-2-5,U2-22-2-5
1263-241,Lindås kommune. Meland' Austrheim' Lindås' Radøy' Fedje og Masfjorden PPT,Fba,U2-22-2-5,U2-22-2-5
1263-241,Lindås kommune. Meland' Austrheim' Lindås' Radøy' Fedje og Masfjorden PPT,Fbb,U2-22-2-5,U2-22-2-6
1263-241,Lindås kommune. Meland' Austrheim' Lindås' Radøy' Fedje og Masfjorden PPT,Fbc,U2-22-2-6,U2-22-2-8
1263-241,Lindås kommune. Meland' Austrheim' Lindås' Radøy' Fedje og Masfjorden PPT,Fbd,U2-22-2-8,U2-22-2-8
1263-241,Lindås kommune. Meland' Austrheim' Lindås' Radøy' Fedje og Masfjorden PPT,Fbe,U2-22-2-8,U2-22-2-8
1263-241,Lindås kommune. Meland' Austrheim' Lindås' Radøy' Fedje og Masfjorden PPT,Fbf,U2-22-2-8,U2-22-3-1
1263-241,Lindås kommune. Meland' Austrheim' Lindås' Radøy' Fedje og Masfjorden PPT,Fca,U2-24-1-2,U2-24-1-2
1263-241,Lindås kommune. Meland' Austrheim' Lindås' Radøy' Fedje og Masfjorden PPT,Fcb,U2-24-1-2,U2-24-1-2
1263-241,Lindås kommune. Meland' Austrheim' Lindås' Radøy' Fedje og Masfjorden PPT,Fcc,U2-24-1-2,U2-24-1-2
1263-241,Lindås kommune. Meland' Austrheim' Lindås' Radøy' Fedje og Masfjorden PPT,Fcd,U2-24-1-2,U2-24-1-3
1263-241,Lindås kommune. Meland' Austrheim' Lindås' Radøy' Fedje og Masfjorden PPT,Fce,U2-24-1-3,U2-24-1-3
1263-241,Lindås kommune. Meland' Austrheim' Lindås' Radøy' Fedje og Masfjorden PPT,Fcf,U2-24-1-3,U2-24-1-4
1263-241,Lindås kommune. Meland' Austrheim' Lindås' Radøy' Fedje og Masfjorden PPT,Fd,U2-24-1-4,U2-24-1-4
1263-241,Lindås kommune. Meland' Austrheim' Lindås' Radøy' Fedje og Masfjorden PPT,Fe,U2-25-3-2,U2-25-3-7
1263-241,Lindås kommune. Meland' Austrheim' Lindås' Radøy' Fedje og Masfjorden PPT,Ff,Q8-14-3-3,Q8-14-3-5
1263-241,Lindås kommune. Meland' Austrheim' Lindås' Radøy' Fedje og Masfjorden PPT,Fg,Q8-16-1-3,Q8-16-1-3
1263-241,Lindås kommune. Meland' Austrheim' Lindås' Radøy' Fedje og Masfjorden PPT,Faa,IKKJE FUNNET,
1263-241,Lindås kommune. Meland' Austrheim' Lindås' Radøy' Fedje og Masfjorden PPT,Faa,U2-22-2-3,U2-22-2-3
1263-241.1,Lindås kommune. Lindås PPT,Fa,Q8-14-1-2,Q8-14-2-6
1263-241.1,Lindås kommune. Lindås PPT,Fb,Q8-14-2-6,Q8-14-3-3
1263-241.1,Lindås kommune. Lindås PPT,Fc,Q8-14-3-5,Q8-14-3-6
1263-241.1,Lindås kommune. Lindås PPT,Fd,Q8-14-3-3,Q8-14-3-3
1263-242,Lindås kommune. Barnehagane i Lindås,Fa,U2-23-3-1,U2-23-3-2
1263-242.01,Lindås kommune. Alversund barnehage,Fa,U2-25-2-3,U2-25-2-4
1263-242.02,Lindås kommune. Eknes barnehage,Fa,U2-25-2-4,U2-25-2-4
1263-242.03,Lindås kommune. Haugen barnehage,Fa,U2-25-2-4,U2-25-2-4
1263-242.03,Lindås kommune. Haugen barnehage,Fb,U2-26-1-4,U2-26-1-4
1263-242.04,Lindås kommune. Kolås barnehage,Fa,U2-25-2-5,U2-25-2-5
1263-242.04,Lindås kommune. Kolås barnehage,Fb,U2-26-1-4,U2-26-1-4
1263-242.05,Lindås kommune. Ostereidet barnehage,Fa,U2-25-2-4,U2-25-2-4
1263-267,Lindås vaksenopplæring,Ha,U2-27-1-3,U2-27-1-4
1263-267,Lindås vaksenopplæring,Hb,U2-27-3-7,U2-27-3-8
1263-315.01,Lindås kommune. Barnevernet,Fa,U2-24-2-1,U2-24-2-3
1263-315.01,Lindås kommune. Barnevernet,Fb,U2-26-1-4,U2-26-1-8
1263-315.01,Lindås kommune. Barnevernet,Fca,U2-28-3-6,U2-30-1-5
1263-315.01,Lindås kommune. Barnevernet,Fcb,U2-30-1-5,U2-30-1-6
1263-315.01,Lindås kommune. Barnevernet,Fcc,U2-30-1-6,U2-30-1-6
1264-201,Austrheim kommune. Skulekontoret,Ha,Q7-7-2-4,Q7-7-2-4
1264-201,Austrheim kommune. Skulekontoret,Hb,IKKJE FUNNET,
1264-201,Austrheim kommune. Skulekontoret,Hc,Q7-7-2-4,Q7-7-2-4
1264-201,Austrheim kommune. Skulekontoret,Hd,Q7-7-2-4,Q7-7-2-4
1264-231.2,Austrheim kommune. Årås skule,Ha,Q7-7-2-4,Q7-7-2-5
1264-231.2,Austrheim kommune. Årås skule,Hb,Q7-7-2-5,Q7-7-2-5
1264-231.2,Austrheim kommune. Årås skule,Hc,Q7-7-2-6,Q7-7-2-7
1264-231.3,Austrheim kommune. Kaland barne- og ungdomsskule,Ha,Q7-7-2-7,Q7-7-2-7
1264-231.3,Austrheim kommune. Kaland barne- og ungdomsskule,Hb,Q7-7-2-7,Q7-7-2-8
1264-231.3,Austrheim kommune. Kaland barne- og ungdomsskule,Hc,Q7-7-2-8,Q7-7-3-1
1264-231.3,Austrheim kommune. Kaland barne- og ungdomsskule,Hd,Q7-7-3-1,Q7-7-3-3
1264-241,Austrheim kommune. Austrheim PPT,Fa,Q7-7-3-3,Q7-7-3-4
1264-241,Austrheim kommune. Austrheim PPT,Fb,Q7-7-3-4,Q7-7-3-4
1264-241,Austrheim kommune. Austrheim PPT,Fc,Q7-7-3-4,Q7-7-3-4
1264-241,Austrheim kommune. Austrheim PPT,Fd,Q7-7-3-4,Q7-8-1-4
1264-242.01,Austrheim kommune. Kaland barnehage,Fa,Q7-8-1-4,Q7-8-1-4
1264-242.01,Austrheim kommune. Kaland barnehage,Fb,Q7-8-1-4,Q7-8-1-4
1264-242.02,Austrheim kommune. Årås barnehage,Fa,Q7-8-1-4,Q7-8-1-4
1264-242.02,Austrheim kommune. Årås barnehage,Fb,Q7-8-1-4,Q7-8-1-5
1264-315.1,Austrheim kommune. Barnevernet,Fa,Q7-8-1-5,Q7-8-1-5
1264-315.1,Austrheim kommune. Barnevernet,Fb,Q7-8-1-6,Q7-8-1-6
1264-315.1,Austrheim kommune. Barnevernet,Fc,Q7-8-1-6,Q7-8-1-6
1264-315.1,Austrheim kommune. Barnevernet,Fd,Q7-8-1-6,Q7-8-1-6
1264-315.1,Austrheim kommune. Barnevernet,Fe,Q7-8-1-6,Q7-8-1-6
1264-315.1,Austrheim kommune. Barnevernet,Ff,Q7-8-1-6,Q7-8-2-5
1265-231.01,Fedje kommune. Fedje skule,Ha,Q8-20-2-6,Q8-20-2-6
1265-231.01,Fedje kommune. Fedje skule,Hb,Q8-20-2-6,Q8-20-2-6
1265-231.01,Fedje kommune. Fedje skule,Hc,Q8-20-2-6,Q8-20-2-6
1265-231.01,Fedje kommune. Fedje skule,Hd,Q8-20-2-7,Q8-20-2-8
1265-242,Fedje kommune. Fedje barnehage,Fa,Q8-20-2-6,Q8-20-2-6
1265-315.1,Fedje kommune. Barnevernet,Fa,Q8-20-2-7,Q8-20-2-7
1266-231.01,Masfjorden kommune. Matre skule,Ha,Q7-9-2-6,Q7-9-2-6
1266-231.01,Masfjorden kommune. Matre skule,Hb,Q7-9-2-6,Q7-9-2-6
1266-231.01,Masfjorden kommune. Matre skule,Hc,Q7-9-2-6,Q7-9-2-6
1266-231.02,Masfjorden kommune. Nordbygda skule,Ha,Q7-9-2-7,Q7-9-2-7
1266-231.02,Masfjorden kommune. Nordbygda skule,Hb,Q7-9-2-7,Q7-9-2-8
1266-231.02,Masfjorden kommune. Nordbygda skule,Hc,Q7-9-2-8,Q7-9-2-8
1266-231.03,Masfjorden kommune. Sandnes skule,Ha,Q7-9-3-1,Q7-9-3-2
1266-231.03,Masfjorden kommune. Sandnes skule,Hb,Q7-9-3-2,Q7-9-3-4
1266-241,Masfjorden kommune. Masfjorden PPT,Fa,Q7-9-3-4,Q7-9-3-4
1266-241,Masfjorden kommune. Masfjorden PPT,Fb,Q7-9-3-4,Q7-9-3-4
1266-241,Masfjorden kommune. Masfjorden PPT,Fc,Q7-9-3-4,Q7-9-3-4
1266-241,Masfjorden kommune. Masfjorden PPT,Fd,Q7-9-3-4,Q7-9-3-5
1266-241,Masfjorden kommune. Masfjorden PPT,Fe,Q7-9-3-5,Q7-9-3-5
1266-241,Masfjorden kommune. Masfjorden PPT,Ff,Q7-9-3-5,Q7-9-3-6
1266-241,Masfjorden kommune. Masfjorden PPT,Fg,Q7-9-3-6,Q7-9-3-7
1266-242.02,Masfjorden kommune. Nordbygda barnehage,Fa,Q7-10-1-5,Q7-10-1-5
1266-242.03,Masfjorden kommune. Sandnes barnehage,Fa,Q7-10-1-5,Q7-10-1-5
1266-315,Masfjorden kommune. Barnevernet,Fa,Q7-10-1-6,Q7-10-2-1
1266-315,Masfjorden kommune. Barnevernet,Fb,Q7-10-2-1,Q7-10-2-2
1266-315,Masfjorden kommune. Barnevernet,Fc,Ikke lagt i asta/i grønne kasser,Q7-10-2-2
4631-315,Alver kommune. Barnevernet,Fa,U2-28-1-2,U2-28-1-4
4631-315,Alver kommune. Barnevernet,Fb,U2-28-1-4,U2-28-1-4
